wop_rates_id;age_y_80;PROJ_YR;qx_wop_rt
1;18;1;0,08
1;18;2;0,08
1;18;3;0,08
1;18;4;0,08
1;18;5;0,08
1;18;6;0,08
1;18;7;0,08
1;18;8;0,08
1;18;9;0,08
1;18;10;0,08
1;18;11;0,08
1;18;12;0,08
1;18;13;0,08
1;18;14;0,08
1;18;15;0,08
1;18;16;0,08
1;18;17;0,08
1;18;18;0,08
1;18;19;0,08
1;18;20;0,08
1;18;21;0,08
1;18;22;0,08
1;18;23;0,08
1;18;24;0,08
1;18;25;0,08
1;18;26;0,08
1;18;27;0,08
1;18;28;0,08
1;18;29;0,08
1;18;30;0,08
1;18;31;0,08
1;18;32;0,08
1;18;33;0,08
1;18;34;0,08
1;18;35;0,08
1;18;36;0,08
1;18;37;0,08
1;18;38;0,08
1;18;39;0,08
1;18;40;0,08
1;18;41;0,08
1;18;42;0,08
1;18;43;0,08
1;18;44;0,08
1;18;45;0,08
1;18;46;0,08
1;18;47;0,08
1;18;48;0,08
1;18;49;0,08
1;18;50;0,08
1;18;51;0,08
1;18;52;0,08
1;18;53;0,08
1;18;54;0,08
1;18;55;0,08
1;19;1;0,08
1;19;2;0,08
1;19;3;0,08
1;19;4;0,08
1;19;5;0,08
1;19;6;0,08
1;19;7;0,08
1;19;8;0,08
1;19;9;0,08
1;19;10;0,08
1;19;11;0,08
1;19;12;0,08
1;19;13;0,08
1;19;14;0,08
1;19;15;0,08
1;19;16;0,08
1;19;17;0,08
1;19;18;0,08
1;19;19;0,08
1;19;20;0,08
1;19;21;0,08
1;19;22;0,08
1;19;23;0,08
1;19;24;0,08
1;19;25;0,08
1;19;26;0,08
1;19;27;0,08
1;19;28;0,08
1;19;29;0,08
1;19;30;0,08
1;19;31;0,08
1;19;32;0,08
1;19;33;0,08
1;19;34;0,08
1;19;35;0,08
1;19;36;0,08
1;19;37;0,08
1;19;38;0,08
1;19;39;0,08
1;19;40;0,08
1;19;41;0,08
1;19;42;0,08
1;19;43;0,08
1;19;44;0,08
1;19;45;0,08
1;19;46;0,08
1;19;47;0,08
1;19;48;0,08
1;19;49;0,08
1;19;50;0,08
1;19;51;0,08
1;19;52;0,08
1;19;53;0,08
1;19;54;0,08
1;19;55;0,08
1;20;1;0,08
1;20;2;0,08
1;20;3;0,08
1;20;4;0,08
1;20;5;0,08
1;20;6;0,08
1;20;7;0,08
1;20;8;0,08
1;20;9;0,08
1;20;10;0,08
1;20;11;0,08
1;20;12;0,08
1;20;13;0,08
1;20;14;0,08
1;20;15;0,08
1;20;16;0,08
1;20;17;0,08
1;20;18;0,08
1;20;19;0,08
1;20;20;0,08
1;20;21;0,08
1;20;22;0,08
1;20;23;0,08
1;20;24;0,08
1;20;25;0,08
1;20;26;0,08
1;20;27;0,08
1;20;28;0,08
1;20;29;0,08
1;20;30;0,08
1;20;31;0,08
1;20;32;0,08
1;20;33;0,08
1;20;34;0,08
1;20;35;0,08
1;20;36;0,08
1;20;37;0,08
1;20;38;0,08
1;20;39;0,08
1;20;40;0,08
1;20;41;0,08
1;20;42;0,08
1;20;43;0,08
1;20;44;0,08
1;20;45;0,08
1;20;46;0,08
1;20;47;0,08
1;20;48;0,08
1;20;49;0,08
1;20;50;0,08
1;20;51;0,08
1;20;52;0,08
1;20;53;0,08
1;20;54;0,08
1;20;55;0,08
1;21;1;0,08
1;21;2;0,08
1;21;3;0,08
1;21;4;0,08
1;21;5;0,08
1;21;6;0,08
1;21;7;0,08
1;21;8;0,08
1;21;9;0,08
1;21;10;0,08
1;21;11;0,08
1;21;12;0,08
1;21;13;0,08
1;21;14;0,08
1;21;15;0,08
1;21;16;0,08
1;21;17;0,08
1;21;18;0,08
1;21;19;0,08
1;21;20;0,08
1;21;21;0,08
1;21;22;0,08
1;21;23;0,08
1;21;24;0,08
1;21;25;0,08
1;21;26;0,08
1;21;27;0,08
1;21;28;0,08
1;21;29;0,08
1;21;30;0,08
1;21;31;0,08
1;21;32;0,08
1;21;33;0,08
1;21;34;0,08
1;21;35;0,08
1;21;36;0,08
1;21;37;0,08
1;21;38;0,08
1;21;39;0,08
1;21;40;0,08
1;21;41;0,08
1;21;42;0,08
1;21;43;0,08
1;21;44;0,08
1;21;45;0,08
1;21;46;0,08
1;21;47;0,08
1;21;48;0,08
1;21;49;0,08
1;21;50;0,08
1;21;51;0,08
1;21;52;0,08
1;21;53;0,08
1;21;54;0,08
1;21;55;0,08
1;22;1;0,08
1;22;2;0,08
1;22;3;0,08
1;22;4;0,08
1;22;5;0,08
1;22;6;0,08
1;22;7;0,08
1;22;8;0,08
1;22;9;0,08
1;22;10;0,08
1;22;11;0,08
1;22;12;0,08
1;22;13;0,08
1;22;14;0,08
1;22;15;0,08
1;22;16;0,08
1;22;17;0,08
1;22;18;0,08
1;22;19;0,08
1;22;20;0,08
1;22;21;0,08
1;22;22;0,08
1;22;23;0,08
1;22;24;0,08
1;22;25;0,08
1;22;26;0,08
1;22;27;0,08
1;22;28;0,08
1;22;29;0,08
1;22;30;0,08
1;22;31;0,08
1;22;32;0,08
1;22;33;0,08
1;22;34;0,08
1;22;35;0,08
1;22;36;0,08
1;22;37;0,08
1;22;38;0,08
1;22;39;0,08
1;22;40;0,08
1;22;41;0,08
1;22;42;0,08
1;22;43;0,08
1;22;44;0,08
1;22;45;0,08
1;22;46;0,08
1;22;47;0,08
1;22;48;0,08
1;22;49;0,08
1;22;50;0,08
1;22;51;0,08
1;22;52;0,08
1;22;53;0,08
1;22;54;0,08
1;22;55;0,08
1;23;1;0,08
1;23;2;0,08
1;23;3;0,08
1;23;4;0,08
1;23;5;0,08
1;23;6;0,08
1;23;7;0,08
1;23;8;0,08
1;23;9;0,08
1;23;10;0,08
1;23;11;0,08
1;23;12;0,08
1;23;13;0,08
1;23;14;0,08
1;23;15;0,08
1;23;16;0,08
1;23;17;0,08
1;23;18;0,08
1;23;19;0,08
1;23;20;0,08
1;23;21;0,08
1;23;22;0,08
1;23;23;0,08
1;23;24;0,08
1;23;25;0,08
1;23;26;0,08
1;23;27;0,08
1;23;28;0,08
1;23;29;0,08
1;23;30;0,08
1;23;31;0,08
1;23;32;0,08
1;23;33;0,08
1;23;34;0,08
1;23;35;0,08
1;23;36;0,08
1;23;37;0,08
1;23;38;0,08
1;23;39;0,08
1;23;40;0,08
1;23;41;0,08
1;23;42;0,08
1;23;43;0,08
1;23;44;0,08
1;23;45;0,08
1;23;46;0,08
1;23;47;0,08
1;23;48;0,08
1;23;49;0,08
1;23;50;0,08
1;23;51;0,08
1;23;52;0,08
1;23;53;0,08
1;23;54;0,08
1;23;55;0,08
1;24;1;0,08
1;24;2;0,08
1;24;3;0,08
1;24;4;0,08
1;24;5;0,08
1;24;6;0,08
1;24;7;0,08
1;24;8;0,08
1;24;9;0,08
1;24;10;0,08
1;24;11;0,08
1;24;12;0,08
1;24;13;0,08
1;24;14;0,08
1;24;15;0,08
1;24;16;0,08
1;24;17;0,08
1;24;18;0,08
1;24;19;0,08
1;24;20;0,08
1;24;21;0,08
1;24;22;0,08
1;24;23;0,08
1;24;24;0,08
1;24;25;0,08
1;24;26;0,08
1;24;27;0,08
1;24;28;0,08
1;24;29;0,08
1;24;30;0,08
1;24;31;0,08
1;24;32;0,08
1;24;33;0,08
1;24;34;0,08
1;24;35;0,08
1;24;36;0,08
1;24;37;0,08
1;24;38;0,08
1;24;39;0,08
1;24;40;0,08
1;24;41;0,08
1;24;42;0,08
1;24;43;0,08
1;24;44;0,08
1;24;45;0,08
1;24;46;0,08
1;24;47;0,08
1;24;48;0,08
1;24;49;0,08
1;24;50;0,08
1;24;51;0,08
1;24;52;0,08
1;24;53;0,08
1;24;54;0,08
1;24;55;0,08
1;25;1;0,08
1;25;2;0,08
1;25;3;0,08
1;25;4;0,08
1;25;5;0,08
1;25;6;0,08
1;25;7;0,08
1;25;8;0,08
1;25;9;0,08
1;25;10;0,08
1;25;11;0,08
1;25;12;0,08
1;25;13;0,08
1;25;14;0,08
1;25;15;0,08
1;25;16;0,08
1;25;17;0,08
1;25;18;0,08
1;25;19;0,08
1;25;20;0,08
1;25;21;0,08
1;25;22;0,08
1;25;23;0,08
1;25;24;0,08
1;25;25;0,08
1;25;26;0,08
1;25;27;0,08
1;25;28;0,08
1;25;29;0,08
1;25;30;0,08
1;25;31;0,08
1;25;32;0,08
1;25;33;0,08
1;25;34;0,08
1;25;35;0,08
1;25;36;0,08
1;25;37;0,08
1;25;38;0,08
1;25;39;0,08
1;25;40;0,08
1;25;41;0,08
1;25;42;0,08
1;25;43;0,08
1;25;44;0,08
1;25;45;0,08
1;25;46;0,08
1;25;47;0,08
1;25;48;0,08
1;25;49;0,08
1;25;50;0,08
1;25;51;0,08
1;25;52;0,08
1;25;53;0,08
1;25;54;0,08
1;25;55;0,08
1;26;1;0,08
1;26;2;0,08
1;26;3;0,08
1;26;4;0,08
1;26;5;0,08
1;26;6;0,08
1;26;7;0,08
1;26;8;0,08
1;26;9;0,08
1;26;10;0,08
1;26;11;0,08
1;26;12;0,08
1;26;13;0,08
1;26;14;0,08
1;26;15;0,08
1;26;16;0,08
1;26;17;0,08
1;26;18;0,08
1;26;19;0,08
1;26;20;0,08
1;26;21;0,08
1;26;22;0,08
1;26;23;0,08
1;26;24;0,08
1;26;25;0,08
1;26;26;0,08
1;26;27;0,08
1;26;28;0,08
1;26;29;0,08
1;26;30;0,08
1;26;31;0,08
1;26;32;0,08
1;26;33;0,08
1;26;34;0,08
1;26;35;0,08
1;26;36;0,08
1;26;37;0,08
1;26;38;0,08
1;26;39;0,08
1;26;40;0,08
1;26;41;0,08
1;26;42;0,08
1;26;43;0,08
1;26;44;0,08
1;26;45;0,08
1;26;46;0,08
1;26;47;0,08
1;26;48;0,08
1;26;49;0,08
1;26;50;0,08
1;26;51;0,08
1;26;52;0,08
1;26;53;0,08
1;26;54;0,08
1;26;55;0,08
1;27;1;0,08
1;27;2;0,08
1;27;3;0,08
1;27;4;0,08
1;27;5;0,08
1;27;6;0,08
1;27;7;0,08
1;27;8;0,08
1;27;9;0,08
1;27;10;0,08
1;27;11;0,08
1;27;12;0,08
1;27;13;0,08
1;27;14;0,08
1;27;15;0,08
1;27;16;0,08
1;27;17;0,08
1;27;18;0,08
1;27;19;0,08
1;27;20;0,08
1;27;21;0,08
1;27;22;0,08
1;27;23;0,08
1;27;24;0,08
1;27;25;0,08
1;27;26;0,08
1;27;27;0,08
1;27;28;0,08
1;27;29;0,08
1;27;30;0,08
1;27;31;0,08
1;27;32;0,08
1;27;33;0,08
1;27;34;0,08
1;27;35;0,08
1;27;36;0,08
1;27;37;0,08
1;27;38;0,08
1;27;39;0,08
1;27;40;0,08
1;27;41;0,08
1;27;42;0,08
1;27;43;0,08
1;27;44;0,08
1;27;45;0,08
1;27;46;0,08
1;27;47;0,08
1;27;48;0,08
1;27;49;0,08
1;27;50;0,08
1;27;51;0,08
1;27;52;0,08
1;27;53;0,08
1;27;54;0,08
1;27;55;0,08
1;28;1;0,08
1;28;2;0,08
1;28;3;0,08
1;28;4;0,08
1;28;5;0,08
1;28;6;0,08
1;28;7;0,08
1;28;8;0,08
1;28;9;0,08
1;28;10;0,08
1;28;11;0,08
1;28;12;0,08
1;28;13;0,08
1;28;14;0,08
1;28;15;0,08
1;28;16;0,08
1;28;17;0,08
1;28;18;0,08
1;28;19;0,08
1;28;20;0,08
1;28;21;0,08
1;28;22;0,08
1;28;23;0,08
1;28;24;0,08
1;28;25;0,08
1;28;26;0,08
1;28;27;0,08
1;28;28;0,08
1;28;29;0,08
1;28;30;0,08
1;28;31;0,08
1;28;32;0,08
1;28;33;0,08
1;28;34;0,08
1;28;35;0,08
1;28;36;0,08
1;28;37;0,08
1;28;38;0,08
1;28;39;0,08
1;28;40;0,08
1;28;41;0,08
1;28;42;0,08
1;28;43;0,08
1;28;44;0,08
1;28;45;0,08
1;28;46;0,08
1;28;47;0,08
1;28;48;0,08
1;28;49;0,08
1;28;50;0,08
1;28;51;0,08
1;28;52;0,08
1;28;53;0,08
1;28;54;0,08
1;28;55;0,08
1;29;1;0,08
1;29;2;0,08
1;29;3;0,08
1;29;4;0,08
1;29;5;0,08
1;29;6;0,08
1;29;7;0,08
1;29;8;0,08
1;29;9;0,08
1;29;10;0,08
1;29;11;0,08
1;29;12;0,08
1;29;13;0,08
1;29;14;0,08
1;29;15;0,08
1;29;16;0,08
1;29;17;0,08
1;29;18;0,08
1;29;19;0,08
1;29;20;0,08
1;29;21;0,08
1;29;22;0,08
1;29;23;0,08
1;29;24;0,08
1;29;25;0,08
1;29;26;0,08
1;29;27;0,08
1;29;28;0,08
1;29;29;0,08
1;29;30;0,08
1;29;31;0,08
1;29;32;0,08
1;29;33;0,08
1;29;34;0,08
1;29;35;0,08
1;29;36;0,08
1;29;37;0,08
1;29;38;0,08
1;29;39;0,08
1;29;40;0,08
1;29;41;0,08
1;29;42;0,08
1;29;43;0,08
1;29;44;0,08
1;29;45;0,08
1;29;46;0,08
1;29;47;0,08
1;29;48;0,08
1;29;49;0,08
1;29;50;0,08
1;29;51;0,08
1;29;52;0,08
1;29;53;0,08
1;29;54;0,08
1;29;55;0,08
1;30;1;0,08
1;30;2;0,08
1;30;3;0,08
1;30;4;0,08
1;30;5;0,08
1;30;6;0,08
1;30;7;0,08
1;30;8;0,08
1;30;9;0,08
1;30;10;0,08
1;30;11;0,08
1;30;12;0,08
1;30;13;0,08
1;30;14;0,08
1;30;15;0,08
1;30;16;0,08
1;30;17;0,08
1;30;18;0,08
1;30;19;0,08
1;30;20;0,08
1;30;21;0,08
1;30;22;0,08
1;30;23;0,08
1;30;24;0,08
1;30;25;0,08
1;30;26;0,08
1;30;27;0,08
1;30;28;0,08
1;30;29;0,08
1;30;30;0,08
1;30;31;0,08
1;30;32;0,08
1;30;33;0,08
1;30;34;0,08
1;30;35;0,08
1;30;36;0,08
1;30;37;0,08
1;30;38;0,08
1;30;39;0,08
1;30;40;0,08
1;30;41;0,08
1;30;42;0,08
1;30;43;0,08
1;30;44;0,08
1;30;45;0,08
1;30;46;0,08
1;30;47;0,08
1;30;48;0,08
1;30;49;0,08
1;30;50;0,08
1;30;51;0,08
1;30;52;0,08
1;30;53;0,08
1;30;54;0,08
1;30;55;0,08
1;31;1;0,08
1;31;2;0,08
1;31;3;0,08
1;31;4;0,08
1;31;5;0,08
1;31;6;0,08
1;31;7;0,08
1;31;8;0,08
1;31;9;0,08
1;31;10;0,08
1;31;11;0,08
1;31;12;0,08
1;31;13;0,08
1;31;14;0,08
1;31;15;0,08
1;31;16;0,08
1;31;17;0,08
1;31;18;0,08
1;31;19;0,08
1;31;20;0,08
1;31;21;0,08
1;31;22;0,08
1;31;23;0,08
1;31;24;0,08
1;31;25;0,08
1;31;26;0,08
1;31;27;0,08
1;31;28;0,08
1;31;29;0,08
1;31;30;0,08
1;31;31;0,08
1;31;32;0,08
1;31;33;0,08
1;31;34;0,08
1;31;35;0,08
1;31;36;0,08
1;31;37;0,08
1;31;38;0,08
1;31;39;0,08
1;31;40;0,08
1;31;41;0,08
1;31;42;0,08
1;31;43;0,08
1;31;44;0,08
1;31;45;0,08
1;31;46;0,08
1;31;47;0,08
1;31;48;0,08
1;31;49;0,08
1;31;50;0,08
1;31;51;0,08
1;31;52;0,08
1;31;53;0,08
1;31;54;0,08
1;31;55;0,08
1;32;1;0,08
1;32;2;0,08
1;32;3;0,08
1;32;4;0,08
1;32;5;0,08
1;32;6;0,08
1;32;7;0,08
1;32;8;0,08
1;32;9;0,08
1;32;10;0,08
1;32;11;0,08
1;32;12;0,08
1;32;13;0,08
1;32;14;0,08
1;32;15;0,08
1;32;16;0,08
1;32;17;0,08
1;32;18;0,08
1;32;19;0,08
1;32;20;0,08
1;32;21;0,08
1;32;22;0,08
1;32;23;0,08
1;32;24;0,08
1;32;25;0,08
1;32;26;0,08
1;32;27;0,08
1;32;28;0,08
1;32;29;0,08
1;32;30;0,08
1;32;31;0,08
1;32;32;0,08
1;32;33;0,08
1;32;34;0,08
1;32;35;0,08
1;32;36;0,08
1;32;37;0,08
1;32;38;0,08
1;32;39;0,08
1;32;40;0,08
1;32;41;0,08
1;32;42;0,08
1;32;43;0,08
1;32;44;0,08
1;32;45;0,08
1;32;46;0,08
1;32;47;0,08
1;32;48;0,08
1;32;49;0,08
1;32;50;0,08
1;32;51;0,08
1;32;52;0,08
1;32;53;0,08
1;32;54;0,08
1;32;55;0,08
1;33;1;0,08
1;33;2;0,08
1;33;3;0,08
1;33;4;0,08
1;33;5;0,08
1;33;6;0,08
1;33;7;0,08
1;33;8;0,08
1;33;9;0,08
1;33;10;0,08
1;33;11;0,08
1;33;12;0,08
1;33;13;0,08
1;33;14;0,08
1;33;15;0,08
1;33;16;0,08
1;33;17;0,08
1;33;18;0,08
1;33;19;0,08
1;33;20;0,08
1;33;21;0,08
1;33;22;0,08
1;33;23;0,08
1;33;24;0,08
1;33;25;0,08
1;33;26;0,08
1;33;27;0,08
1;33;28;0,08
1;33;29;0,08
1;33;30;0,08
1;33;31;0,08
1;33;32;0,08
1;33;33;0,08
1;33;34;0,08
1;33;35;0,08
1;33;36;0,08
1;33;37;0,08
1;33;38;0,08
1;33;39;0,08
1;33;40;0,08
1;33;41;0,08
1;33;42;0,08
1;33;43;0,08
1;33;44;0,08
1;33;45;0,08
1;33;46;0,08
1;33;47;0,08
1;33;48;0,08
1;33;49;0,08
1;33;50;0,08
1;33;51;0,08
1;33;52;0,08
1;33;53;0,08
1;33;54;0,08
1;33;55;0,08
1;34;1;0,08
1;34;2;0,08
1;34;3;0,08
1;34;4;0,08
1;34;5;0,08
1;34;6;0,08
1;34;7;0,08
1;34;8;0,08
1;34;9;0,08
1;34;10;0,08
1;34;11;0,08
1;34;12;0,08
1;34;13;0,08
1;34;14;0,08
1;34;15;0,08
1;34;16;0,08
1;34;17;0,08
1;34;18;0,08
1;34;19;0,08
1;34;20;0,08
1;34;21;0,08
1;34;22;0,08
1;34;23;0,08
1;34;24;0,08
1;34;25;0,08
1;34;26;0,08
1;34;27;0,08
1;34;28;0,08
1;34;29;0,08
1;34;30;0,08
1;34;31;0,08
1;34;32;0,08
1;34;33;0,08
1;34;34;0,08
1;34;35;0,08
1;34;36;0,08
1;34;37;0,08
1;34;38;0,08
1;34;39;0,08
1;34;40;0,08
1;34;41;0,08
1;34;42;0,08
1;34;43;0,08
1;34;44;0,08
1;34;45;0,08
1;34;46;0,08
1;34;47;0,08
1;34;48;0,08
1;34;49;0,08
1;34;50;0,08
1;34;51;0,08
1;34;52;0,08
1;34;53;0,08
1;34;54;0,08
1;34;55;0,08
1;35;1;0,08
1;35;2;0,08
1;35;3;0,08
1;35;4;0,08
1;35;5;0,08
1;35;6;0,08
1;35;7;0,08
1;35;8;0,08
1;35;9;0,08
1;35;10;0,08
1;35;11;0,08
1;35;12;0,08
1;35;13;0,08
1;35;14;0,08
1;35;15;0,08
1;35;16;0,08
1;35;17;0,08
1;35;18;0,08
1;35;19;0,08
1;35;20;0,08
1;35;21;0,08
1;35;22;0,08
1;35;23;0,08
1;35;24;0,08
1;35;25;0,08
1;35;26;0,08
1;35;27;0,08
1;35;28;0,08
1;35;29;0,08
1;35;30;0,08
1;35;31;0,08
1;35;32;0,08
1;35;33;0,08
1;35;34;0,08
1;35;35;0,08
1;35;36;0,08
1;35;37;0,08
1;35;38;0,08
1;35;39;0,08
1;35;40;0,08
1;35;41;0,08
1;35;42;0,08
1;35;43;0,08
1;35;44;0,08
1;35;45;0,08
1;35;46;0,08
1;35;47;0,08
1;35;48;0,08
1;35;49;0,08
1;35;50;0,08
1;35;51;0,08
1;35;52;0,08
1;35;53;0,08
1;35;54;0,08
1;35;55;0,08
1;36;1;0,08
1;36;2;0,08
1;36;3;0,08
1;36;4;0,08
1;36;5;0,08
1;36;6;0,08
1;36;7;0,08
1;36;8;0,08
1;36;9;0,08
1;36;10;0,08
1;36;11;0,08
1;36;12;0,08
1;36;13;0,08
1;36;14;0,08
1;36;15;0,08
1;36;16;0,08
1;36;17;0,08
1;36;18;0,08
1;36;19;0,08
1;36;20;0,08
1;36;21;0,08
1;36;22;0,08
1;36;23;0,08
1;36;24;0,08
1;36;25;0,08
1;36;26;0,08
1;36;27;0,08
1;36;28;0,08
1;36;29;0,08
1;36;30;0,08
1;36;31;0,08
1;36;32;0,08
1;36;33;0,08
1;36;34;0,08
1;36;35;0,08
1;36;36;0,08
1;36;37;0,08
1;36;38;0,08
1;36;39;0,08
1;36;40;0,08
1;36;41;0,08
1;36;42;0,08
1;36;43;0,08
1;36;44;0,08
1;36;45;0,08
1;36;46;0,08
1;36;47;0,08
1;36;48;0,08
1;36;49;0,08
1;36;50;0,08
1;36;51;0,08
1;36;52;0,08
1;36;53;0,08
1;36;54;0,08
1;36;55;0,08
1;37;1;0,09
1;37;2;0,09
1;37;3;0,09
1;37;4;0,09
1;37;5;0,09
1;37;6;0,09
1;37;7;0,09
1;37;8;0,09
1;37;9;0,09
1;37;10;0,09
1;37;11;0,09
1;37;12;0,09
1;37;13;0,09
1;37;14;0,09
1;37;15;0,09
1;37;16;0,09
1;37;17;0,09
1;37;18;0,09
1;37;19;0,09
1;37;20;0,09
1;37;21;0,09
1;37;22;0,09
1;37;23;0,09
1;37;24;0,09
1;37;25;0,09
1;37;26;0,09
1;37;27;0,09
1;37;28;0,09
1;37;29;0,09
1;37;30;0,09
1;37;31;0,09
1;37;32;0,09
1;37;33;0,09
1;37;34;0,09
1;37;35;0,09
1;37;36;0,09
1;37;37;0,09
1;37;38;0,09
1;37;39;0,09
1;37;40;0,09
1;37;41;0,09
1;37;42;0,09
1;37;43;0,09
1;37;44;0,09
1;37;45;0,09
1;37;46;0,09
1;37;47;0,09
1;37;48;0,09
1;37;49;0,09
1;37;50;0,09
1;37;51;0,09
1;37;52;0,09
1;37;53;0,09
1;37;54;0,09
1;37;55;0,09
1;38;1;0,1
1;38;2;0,1
1;38;3;0,1
1;38;4;0,1
1;38;5;0,1
1;38;6;0,1
1;38;7;0,1
1;38;8;0,1
1;38;9;0,1
1;38;10;0,1
1;38;11;0,1
1;38;12;0,1
1;38;13;0,1
1;38;14;0,1
1;38;15;0,1
1;38;16;0,1
1;38;17;0,1
1;38;18;0,1
1;38;19;0,1
1;38;20;0,1
1;38;21;0,1
1;38;22;0,1
1;38;23;0,1
1;38;24;0,1
1;38;25;0,1
1;38;26;0,1
1;38;27;0,1
1;38;28;0,1
1;38;29;0,1
1;38;30;0,1
1;38;31;0,1
1;38;32;0,1
1;38;33;0,1
1;38;34;0,1
1;38;35;0,1
1;38;36;0,1
1;38;37;0,1
1;38;38;0,1
1;38;39;0,1
1;38;40;0,1
1;38;41;0,1
1;38;42;0,1
1;38;43;0,1
1;38;44;0,1
1;38;45;0,1
1;38;46;0,1
1;38;47;0,1
1;38;48;0,1
1;38;49;0,1
1;38;50;0,1
1;38;51;0,1
1;38;52;0,1
1;38;53;0,1
1;38;54;0,1
1;38;55;0,1
1;39;1;0,12
1;39;2;0,12
1;39;3;0,12
1;39;4;0,12
1;39;5;0,12
1;39;6;0,12
1;39;7;0,12
1;39;8;0,12
1;39;9;0,12
1;39;10;0,12
1;39;11;0,12
1;39;12;0,12
1;39;13;0,12
1;39;14;0,12
1;39;15;0,12
1;39;16;0,12
1;39;17;0,12
1;39;18;0,12
1;39;19;0,12
1;39;20;0,12
1;39;21;0,12
1;39;22;0,12
1;39;23;0,12
1;39;24;0,12
1;39;25;0,12
1;39;26;0,12
1;39;27;0,12
1;39;28;0,12
1;39;29;0,12
1;39;30;0,12
1;39;31;0,12
1;39;32;0,12
1;39;33;0,12
1;39;34;0,12
1;39;35;0,12
1;39;36;0,12
1;39;37;0,12
1;39;38;0,12
1;39;39;0,12
1;39;40;0,12
1;39;41;0,12
1;39;42;0,12
1;39;43;0,12
1;39;44;0,12
1;39;45;0,12
1;39;46;0,12
1;39;47;0,12
1;39;48;0,12
1;39;49;0,12
1;39;50;0,12
1;39;51;0,12
1;39;52;0,12
1;39;53;0,12
1;39;54;0,12
1;39;55;0,12
1;40;1;0,13
1;40;2;0,13
1;40;3;0,13
1;40;4;0,13
1;40;5;0,13
1;40;6;0,13
1;40;7;0,13
1;40;8;0,13
1;40;9;0,13
1;40;10;0,13
1;40;11;0,13
1;40;12;0,13
1;40;13;0,13
1;40;14;0,13
1;40;15;0,13
1;40;16;0,13
1;40;17;0,13
1;40;18;0,13
1;40;19;0,13
1;40;20;0,13
1;40;21;0,13
1;40;22;0,13
1;40;23;0,13
1;40;24;0,13
1;40;25;0,13
1;40;26;0,13
1;40;27;0,13
1;40;28;0,13
1;40;29;0,13
1;40;30;0,13
1;40;31;0,13
1;40;32;0,13
1;40;33;0,13
1;40;34;0,13
1;40;35;0,13
1;40;36;0,13
1;40;37;0,13
1;40;38;0,13
1;40;39;0,13
1;40;40;0,13
1;40;41;0,13
1;40;42;0,13
1;40;43;0,13
1;40;44;0,13
1;40;45;0,13
1;40;46;0,13
1;40;47;0,13
1;40;48;0,13
1;40;49;0,13
1;40;50;0,13
1;40;51;0,13
1;40;52;0,13
1;40;53;0,13
1;40;54;0,13
1;40;55;0,13
1;41;1;0,14
1;41;2;0,14
1;41;3;0,14
1;41;4;0,14
1;41;5;0,14
1;41;6;0,14
1;41;7;0,14
1;41;8;0,14
1;41;9;0,14
1;41;10;0,14
1;41;11;0,14
1;41;12;0,14
1;41;13;0,14
1;41;14;0,14
1;41;15;0,14
1;41;16;0,14
1;41;17;0,14
1;41;18;0,14
1;41;19;0,14
1;41;20;0,14
1;41;21;0,14
1;41;22;0,14
1;41;23;0,14
1;41;24;0,14
1;41;25;0,14
1;41;26;0,14
1;41;27;0,14
1;41;28;0,14
1;41;29;0,14
1;41;30;0,14
1;41;31;0,14
1;41;32;0,14
1;41;33;0,14
1;41;34;0,14
1;41;35;0,14
1;41;36;0,14
1;41;37;0,14
1;41;38;0,14
1;41;39;0,14
1;41;40;0,14
1;41;41;0,14
1;41;42;0,14
1;41;43;0,14
1;41;44;0,14
1;41;45;0,14
1;41;46;0,14
1;41;47;0,14
1;41;48;0,14
1;41;49;0,14
1;41;50;0,14
1;41;51;0,14
1;41;52;0,14
1;41;53;0,14
1;41;54;0,14
1;41;55;0,14
1;42;1;0,16
1;42;2;0,16
1;42;3;0,16
1;42;4;0,16
1;42;5;0,16
1;42;6;0,16
1;42;7;0,16
1;42;8;0,16
1;42;9;0,16
1;42;10;0,16
1;42;11;0,16
1;42;12;0,16
1;42;13;0,16
1;42;14;0,16
1;42;15;0,16
1;42;16;0,16
1;42;17;0,16
1;42;18;0,16
1;42;19;0,16
1;42;20;0,16
1;42;21;0,16
1;42;22;0,16
1;42;23;0,16
1;42;24;0,16
1;42;25;0,16
1;42;26;0,16
1;42;27;0,16
1;42;28;0,16
1;42;29;0,16
1;42;30;0,16
1;42;31;0,16
1;42;32;0,16
1;42;33;0,16
1;42;34;0,16
1;42;35;0,16
1;42;36;0,16
1;42;37;0,16
1;42;38;0,16
1;42;39;0,16
1;42;40;0,16
1;42;41;0,16
1;42;42;0,16
1;42;43;0,16
1;42;44;0,16
1;42;45;0,16
1;42;46;0,16
1;42;47;0,16
1;42;48;0,16
1;42;49;0,16
1;42;50;0,16
1;42;51;0,16
1;42;52;0,16
1;42;53;0,16
1;42;54;0,16
1;42;55;0,16
1;43;1;0,18
1;43;2;0,18
1;43;3;0,18
1;43;4;0,18
1;43;5;0,18
1;43;6;0,18
1;43;7;0,18
1;43;8;0,18
1;43;9;0,18
1;43;10;0,18
1;43;11;0,18
1;43;12;0,18
1;43;13;0,18
1;43;14;0,18
1;43;15;0,18
1;43;16;0,18
1;43;17;0,18
1;43;18;0,18
1;43;19;0,18
1;43;20;0,18
1;43;21;0,18
1;43;22;0,18
1;43;23;0,18
1;43;24;0,18
1;43;25;0,18
1;43;26;0,18
1;43;27;0,18
1;43;28;0,18
1;43;29;0,18
1;43;30;0,18
1;43;31;0,18
1;43;32;0,18
1;43;33;0,18
1;43;34;0,18
1;43;35;0,18
1;43;36;0,18
1;43;37;0,18
1;43;38;0,18
1;43;39;0,18
1;43;40;0,18
1;43;41;0,18
1;43;42;0,18
1;43;43;0,18
1;43;44;0,18
1;43;45;0,18
1;43;46;0,18
1;43;47;0,18
1;43;48;0,18
1;43;49;0,18
1;43;50;0,18
1;43;51;0,18
1;43;52;0,18
1;43;53;0,18
1;43;54;0,18
1;43;55;0,18
1;44;1;0,2
1;44;2;0,2
1;44;3;0,2
1;44;4;0,2
1;44;5;0,2
1;44;6;0,2
1;44;7;0,2
1;44;8;0,2
1;44;9;0,2
1;44;10;0,2
1;44;11;0,2
1;44;12;0,2
1;44;13;0,2
1;44;14;0,2
1;44;15;0,2
1;44;16;0,2
1;44;17;0,2
1;44;18;0,2
1;44;19;0,2
1;44;20;0,2
1;44;21;0,2
1;44;22;0,2
1;44;23;0,2
1;44;24;0,2
1;44;25;0,2
1;44;26;0,2
1;44;27;0,2
1;44;28;0,2
1;44;29;0,2
1;44;30;0,2
1;44;31;0,2
1;44;32;0,2
1;44;33;0,2
1;44;34;0,2
1;44;35;0,2
1;44;36;0,2
1;44;37;0,2
1;44;38;0,2
1;44;39;0,2
1;44;40;0,2
1;44;41;0,2
1;44;42;0,2
1;44;43;0,2
1;44;44;0,2
1;44;45;0,2
1;44;46;0,2
1;44;47;0,2
1;44;48;0,2
1;44;49;0,2
1;44;50;0,2
1;44;51;0,2
1;44;52;0,2
1;44;53;0,2
1;44;54;0,2
1;44;55;0,2
1;45;1;0,22
1;45;2;0,22
1;45;3;0,22
1;45;4;0,22
1;45;5;0,22
1;45;6;0,22
1;45;7;0,22
1;45;8;0,22
1;45;9;0,22
1;45;10;0,22
1;45;11;0,22
1;45;12;0,22
1;45;13;0,22
1;45;14;0,22
1;45;15;0,22
1;45;16;0,22
1;45;17;0,22
1;45;18;0,22
1;45;19;0,22
1;45;20;0,22
1;45;21;0,22
1;45;22;0,22
1;45;23;0,22
1;45;24;0,22
1;45;25;0,22
1;45;26;0,22
1;45;27;0,22
1;45;28;0,22
1;45;29;0,22
1;45;30;0,22
1;45;31;0,22
1;45;32;0,22
1;45;33;0,22
1;45;34;0,22
1;45;35;0,22
1;45;36;0,22
1;45;37;0,22
1;45;38;0,22
1;45;39;0,22
1;45;40;0,22
1;45;41;0,22
1;45;42;0,22
1;45;43;0,22
1;45;44;0,22
1;45;45;0,22
1;45;46;0,22
1;45;47;0,22
1;45;48;0,22
1;45;49;0,22
1;45;50;0,22
1;45;51;0,22
1;45;52;0,22
1;45;53;0,22
1;45;54;0,22
1;45;55;0,22
1;46;1;0,15
1;46;2;0,15
1;46;3;0,15
1;46;4;0,15
1;46;5;0,15
1;46;6;0,15
1;46;7;0,15
1;46;8;0,15
1;46;9;0,15
1;46;10;0,15
1;46;11;0,15
1;46;12;0,15
1;46;13;0,15
1;46;14;0,15
1;46;15;0,15
1;46;16;0,15
1;46;17;0,15
1;46;18;0,15
1;46;19;0,15
1;46;20;0,15
1;46;21;0,15
1;46;22;0,15
1;46;23;0,15
1;46;24;0,15
1;46;25;0,15
1;46;26;0,15
1;46;27;0,15
1;46;28;0,15
1;46;29;0,15
1;46;30;0,15
1;46;31;0,15
1;46;32;0,15
1;46;33;0,15
1;46;34;0,15
1;46;35;0,15
1;46;36;0,15
1;46;37;0,15
1;46;38;0,15
1;46;39;0,15
1;46;40;0,15
1;46;41;0,15
1;46;42;0,15
1;46;43;0,15
1;46;44;0,15
1;46;45;0,15
1;46;46;0,15
1;46;47;0,15
1;46;48;0,15
1;46;49;0,15
1;46;50;0,15
1;46;51;0,15
1;46;52;0,15
1;46;53;0,15
1;46;54;0,15
1;46;55;0,15
1;47;1;0,29
1;47;2;0,29
1;47;3;0,29
1;47;4;0,29
1;47;5;0,29
1;47;6;0,29
1;47;7;0,29
1;47;8;0,29
1;47;9;0,29
1;47;10;0,29
1;47;11;0,29
1;47;12;0,29
1;47;13;0,29
1;47;14;0,29
1;47;15;0,29
1;47;16;0,29
1;47;17;0,29
1;47;18;0,29
1;47;19;0,29
1;47;20;0,29
1;47;21;0,29
1;47;22;0,29
1;47;23;0,29
1;47;24;0,29
1;47;25;0,29
1;47;26;0,29
1;47;27;0,29
1;47;28;0,29
1;47;29;0,29
1;47;30;0,29
1;47;31;0,29
1;47;32;0,29
1;47;33;0,29
1;47;34;0,29
1;47;35;0,29
1;47;36;0,29
1;47;37;0,29
1;47;38;0,29
1;47;39;0,29
1;47;40;0,29
1;47;41;0,29
1;47;42;0,29
1;47;43;0,29
1;47;44;0,29
1;47;45;0,29
1;47;46;0,29
1;47;47;0,29
1;47;48;0,29
1;47;49;0,29
1;47;50;0,29
1;47;51;0,29
1;47;52;0,29
1;47;53;0,29
1;47;54;0,29
1;47;55;0,29
1;48;1;0,32
1;48;2;0,32
1;48;3;0,32
1;48;4;0,32
1;48;5;0,32
1;48;6;0,32
1;48;7;0,32
1;48;8;0,32
1;48;9;0,32
1;48;10;0,32
1;48;11;0,32
1;48;12;0,32
1;48;13;0,32
1;48;14;0,32
1;48;15;0,32
1;48;16;0,32
1;48;17;0,32
1;48;18;0,32
1;48;19;0,32
1;48;20;0,32
1;48;21;0,32
1;48;22;0,32
1;48;23;0,32
1;48;24;0,32
1;48;25;0,32
1;48;26;0,32
1;48;27;0,32
1;48;28;0,32
1;48;29;0,32
1;48;30;0,32
1;48;31;0,32
1;48;32;0,32
1;48;33;0,32
1;48;34;0,32
1;48;35;0,32
1;48;36;0,32
1;48;37;0,32
1;48;38;0,32
1;48;39;0,32
1;48;40;0,32
1;48;41;0,32
1;48;42;0,32
1;48;43;0,32
1;48;44;0,32
1;48;45;0,32
1;48;46;0,32
1;48;47;0,32
1;48;48;0,32
1;48;49;0,32
1;48;50;0,32
1;48;51;0,32
1;48;52;0,32
1;48;53;0,32
1;48;54;0,32
1;48;55;0,32
1;49;1;0,37
1;49;2;0,37
1;49;3;0,37
1;49;4;0,37
1;49;5;0,37
1;49;6;0,37
1;49;7;0,37
1;49;8;0,37
1;49;9;0,37
1;49;10;0,37
1;49;11;0,37
1;49;12;0,37
1;49;13;0,37
1;49;14;0,37
1;49;15;0,37
1;49;16;0,37
1;49;17;0,37
1;49;18;0,37
1;49;19;0,37
1;49;20;0,37
1;49;21;0,37
1;49;22;0,37
1;49;23;0,37
1;49;24;0,37
1;49;25;0,37
1;49;26;0,37
1;49;27;0,37
1;49;28;0,37
1;49;29;0,37
1;49;30;0,37
1;49;31;0,37
1;49;32;0,37
1;49;33;0,37
1;49;34;0,37
1;49;35;0,37
1;49;36;0,37
1;49;37;0,37
1;49;38;0,37
1;49;39;0,37
1;49;40;0,37
1;49;41;0,37
1;49;42;0,37
1;49;43;0,37
1;49;44;0,37
1;49;45;0,37
1;49;46;0,37
1;49;47;0,37
1;49;48;0,37
1;49;49;0,37
1;49;50;0,37
1;49;51;0,37
1;49;52;0,37
1;49;53;0,37
1;49;54;0,37
1;49;55;0,37
1;50;1;0,41
1;50;2;0,41
1;50;3;0,41
1;50;4;0,41
1;50;5;0,41
1;50;6;0,41
1;50;7;0,41
1;50;8;0,41
1;50;9;0,41
1;50;10;0,41
1;50;11;0,41
1;50;12;0,41
1;50;13;0,41
1;50;14;0,41
1;50;15;0,41
1;50;16;0,41
1;50;17;0,41
1;50;18;0,41
1;50;19;0,41
1;50;20;0,41
1;50;21;0,41
1;50;22;0,41
1;50;23;0,41
1;50;24;0,41
1;50;25;0,41
1;50;26;0,41
1;50;27;0,41
1;50;28;0,41
1;50;29;0,41
1;50;30;0,41
1;50;31;0,41
1;50;32;0,41
1;50;33;0,41
1;50;34;0,41
1;50;35;0,41
1;50;36;0,41
1;50;37;0,41
1;50;38;0,41
1;50;39;0,41
1;50;40;0,41
1;50;41;0,41
1;50;42;0,41
1;50;43;0,41
1;50;44;0,41
1;50;45;0,41
1;50;46;0,41
1;50;47;0,41
1;50;48;0,41
1;50;49;0,41
1;50;50;0,41
1;50;51;0,41
1;50;52;0,41
1;50;53;0,41
1;50;54;0,41
1;50;55;0,41
1;51;1;0,47
1;51;2;0,47
1;51;3;0,47
1;51;4;0,47
1;51;5;0,47
1;51;6;0,47
1;51;7;0,47
1;51;8;0,47
1;51;9;0,47
1;51;10;0,47
1;51;11;0,47
1;51;12;0,47
1;51;13;0,47
1;51;14;0,47
1;51;15;0,47
1;51;16;0,47
1;51;17;0,47
1;51;18;0,47
1;51;19;0,47
1;51;20;0,47
1;51;21;0,47
1;51;22;0,47
1;51;23;0,47
1;51;24;0,47
1;51;25;0,47
1;51;26;0,47
1;51;27;0,47
1;51;28;0,47
1;51;29;0,47
1;51;30;0,47
1;51;31;0,47
1;51;32;0,47
1;51;33;0,47
1;51;34;0,47
1;51;35;0,47
1;51;36;0,47
1;51;37;0,47
1;51;38;0,47
1;51;39;0,47
1;51;40;0,47
1;51;41;0,47
1;51;42;0,47
1;51;43;0,47
1;51;44;0,47
1;51;45;0,47
1;51;46;0,47
1;51;47;0,47
1;51;48;0,47
1;51;49;0,47
1;51;50;0,47
1;51;51;0,47
1;51;52;0,47
1;51;53;0,47
1;51;54;0,47
1;51;55;0,47
1;52;1;0,52
1;52;2;0,52
1;52;3;0,52
1;52;4;0,52
1;52;5;0,52
1;52;6;0,52
1;52;7;0,52
1;52;8;0,52
1;52;9;0,52
1;52;10;0,52
1;52;11;0,52
1;52;12;0,52
1;52;13;0,52
1;52;14;0,52
1;52;15;0,52
1;52;16;0,52
1;52;17;0,52
1;52;18;0,52
1;52;19;0,52
1;52;20;0,52
1;52;21;0,52
1;52;22;0,52
1;52;23;0,52
1;52;24;0,52
1;52;25;0,52
1;52;26;0,52
1;52;27;0,52
1;52;28;0,52
1;52;29;0,52
1;52;30;0,52
1;52;31;0,52
1;52;32;0,52
1;52;33;0,52
1;52;34;0,52
1;52;35;0,52
1;52;36;0,52
1;52;37;0,52
1;52;38;0,52
1;52;39;0,52
1;52;40;0,52
1;52;41;0,52
1;52;42;0,52
1;52;43;0,52
1;52;44;0,52
1;52;45;0,52
1;52;46;0,52
1;52;47;0,52
1;52;48;0,52
1;52;49;0,52
1;52;50;0,52
1;52;51;0,52
1;52;52;0,52
1;52;53;0,52
1;52;54;0,52
1;52;55;0,52
1;53;1;0,59
1;53;2;0,59
1;53;3;0,59
1;53;4;0,59
1;53;5;0,59
1;53;6;0,59
1;53;7;0,59
1;53;8;0,59
1;53;9;0,59
1;53;10;0,59
1;53;11;0,59
1;53;12;0,59
1;53;13;0,59
1;53;14;0,59
1;53;15;0,59
1;53;16;0,59
1;53;17;0,59
1;53;18;0,59
1;53;19;0,59
1;53;20;0,59
1;53;21;0,59
1;53;22;0,59
1;53;23;0,59
1;53;24;0,59
1;53;25;0,59
1;53;26;0,59
1;53;27;0,59
1;53;28;0,59
1;53;29;0,59
1;53;30;0,59
1;53;31;0,59
1;53;32;0,59
1;53;33;0,59
1;53;34;0,59
1;53;35;0,59
1;53;36;0,59
1;53;37;0,59
1;53;38;0,59
1;53;39;0,59
1;53;40;0,59
1;53;41;0,59
1;53;42;0,59
1;53;43;0,59
1;53;44;0,59
1;53;45;0,59
1;53;46;0,59
1;53;47;0,59
1;53;48;0,59
1;53;49;0,59
1;53;50;0,59
1;53;51;0,59
1;53;52;0,59
1;53;53;0,59
1;53;54;0,59
1;53;55;0,59
1;54;1;0,66
1;54;2;0,66
1;54;3;0,66
1;54;4;0,66
1;54;5;0,66
1;54;6;0,66
1;54;7;0,66
1;54;8;0,66
1;54;9;0,66
1;54;10;0,66
1;54;11;0,66
1;54;12;0,66
1;54;13;0,66
1;54;14;0,66
1;54;15;0,66
1;54;16;0,66
1;54;17;0,66
1;54;18;0,66
1;54;19;0,66
1;54;20;0,66
1;54;21;0,66
1;54;22;0,66
1;54;23;0,66
1;54;24;0,66
1;54;25;0,66
1;54;26;0,66
1;54;27;0,66
1;54;28;0,66
1;54;29;0,66
1;54;30;0,66
1;54;31;0,66
1;54;32;0,66
1;54;33;0,66
1;54;34;0,66
1;54;35;0,66
1;54;36;0,66
1;54;37;0,66
1;54;38;0,66
1;54;39;0,66
1;54;40;0,66
1;54;41;0,66
1;54;42;0,66
1;54;43;0,66
1;54;44;0,66
1;54;45;0,66
1;54;46;0,66
1;54;47;0,66
1;54;48;0,66
1;54;49;0,66
1;54;50;0,66
1;54;51;0,66
1;54;52;0,66
1;54;53;0,66
1;54;54;0,66
1;54;55;0,66
1;55;1;0,74
1;55;2;0,74
1;55;3;0,74
1;55;4;0,74
1;55;5;0,74
1;55;6;0,74
1;55;7;0,74
1;55;8;0,74
1;55;9;0,74
1;55;10;0,74
1;55;11;0,74
1;55;12;0,74
1;55;13;0,74
1;55;14;0,74
1;55;15;0,74
1;55;16;0,74
1;55;17;0,74
1;55;18;0,74
1;55;19;0,74
1;55;20;0,74
1;55;21;0,74
1;55;22;0,74
1;55;23;0,74
1;55;24;0,74
1;55;25;0,74
1;55;26;0,74
1;55;27;0,74
1;55;28;0,74
1;55;29;0,74
1;55;30;0,74
1;55;31;0,74
1;55;32;0,74
1;55;33;0,74
1;55;34;0,74
1;55;35;0,74
1;55;36;0,74
1;55;37;0,74
1;55;38;0,74
1;55;39;0,74
1;55;40;0,74
1;55;41;0,74
1;55;42;0,74
1;55;43;0,74
1;55;44;0,74
1;55;45;0,74
1;55;46;0,74
1;55;47;0,74
1;55;48;0,74
1;55;49;0,74
1;55;50;0,74
1;55;51;0,74
1;55;52;0,74
1;55;53;0,74
1;55;54;0,74
1;55;55;0,74
1;56;1;0,83
1;56;2;0,83
1;56;3;0,83
1;56;4;0,83
1;56;5;0,83
1;56;6;0,83
1;56;7;0,83
1;56;8;0,83
1;56;9;0,83
1;56;10;0,83
1;56;11;0,83
1;56;12;0,83
1;56;13;0,83
1;56;14;0,83
1;56;15;0,83
1;56;16;0,83
1;56;17;0,83
1;56;18;0,83
1;56;19;0,83
1;56;20;0,83
1;56;21;0,83
1;56;22;0,83
1;56;23;0,83
1;56;24;0,83
1;56;25;0,83
1;56;26;0,83
1;56;27;0,83
1;56;28;0,83
1;56;29;0,83
1;56;30;0,83
1;56;31;0,83
1;56;32;0,83
1;56;33;0,83
1;56;34;0,83
1;56;35;0,83
1;56;36;0,83
1;56;37;0,83
1;56;38;0,83
1;56;39;0,83
1;56;40;0,83
1;56;41;0,83
1;56;42;0,83
1;56;43;0,83
1;56;44;0,83
1;56;45;0,83
1;56;46;0,83
1;56;47;0,83
1;56;48;0,83
1;56;49;0,83
1;56;50;0,83
1;56;51;0,83
1;56;52;0,83
1;56;53;0,83
1;56;54;0,83
1;56;55;0,83
1;57;1;0,92
1;57;2;0,92
1;57;3;0,92
1;57;4;0,92
1;57;5;0,92
1;57;6;0,92
1;57;7;0,92
1;57;8;0,92
1;57;9;0,92
1;57;10;0,92
1;57;11;0,92
1;57;12;0,92
1;57;13;0,92
1;57;14;0,92
1;57;15;0,92
1;57;16;0,92
1;57;17;0,92
1;57;18;0,92
1;57;19;0,92
1;57;20;0,92
1;57;21;0,92
1;57;22;0,92
1;57;23;0,92
1;57;24;0,92
1;57;25;0,92
1;57;26;0,92
1;57;27;0,92
1;57;28;0,92
1;57;29;0,92
1;57;30;0,92
1;57;31;0,92
1;57;32;0,92
1;57;33;0,92
1;57;34;0,92
1;57;35;0,92
1;57;36;0,92
1;57;37;0,92
1;57;38;0,92
1;57;39;0,92
1;57;40;0,92
1;57;41;0,92
1;57;42;0,92
1;57;43;0,92
1;57;44;0,92
1;57;45;0,92
1;57;46;0,92
1;57;47;0,92
1;57;48;0,92
1;57;49;0,92
1;57;50;0,92
1;57;51;0,92
1;57;52;0,92
1;57;53;0,92
1;57;54;0,92
1;57;55;0,92
1;58;1;1,03
1;58;2;1,03
1;58;3;1,03
1;58;4;1,03
1;58;5;1,03
1;58;6;1,03
1;58;7;1,03
1;58;8;1,03
1;58;9;1,03
1;58;10;1,03
1;58;11;1,03
1;58;12;1,03
1;58;13;1,03
1;58;14;1,03
1;58;15;1,03
1;58;16;1,03
1;58;17;1,03
1;58;18;1,03
1;58;19;1,03
1;58;20;1,03
1;58;21;1,03
1;58;22;1,03
1;58;23;1,03
1;58;24;1,03
1;58;25;1,03
1;58;26;1,03
1;58;27;1,03
1;58;28;1,03
1;58;29;1,03
1;58;30;1,03
1;58;31;1,03
1;58;32;1,03
1;58;33;1,03
1;58;34;1,03
1;58;35;1,03
1;58;36;1,03
1;58;37;1,03
1;58;38;1,03
1;58;39;1,03
1;58;40;1,03
1;58;41;1,03
1;58;42;1,03
1;58;43;1,03
1;58;44;1,03
1;58;45;1,03
1;58;46;1,03
1;58;47;1,03
1;58;48;1,03
1;58;49;1,03
1;58;50;1,03
1;58;51;1,03
1;58;52;1,03
1;58;53;1,03
1;58;54;1,03
1;58;55;1,03
1;59;1;1,14
1;59;2;1,14
1;59;3;1,14
1;59;4;1,14
1;59;5;1,14
1;59;6;1,14
1;59;7;1,14
1;59;8;1,14
1;59;9;1,14
1;59;10;1,14
1;59;11;1,14
1;59;12;1,14
1;59;13;1,14
1;59;14;1,14
1;59;15;1,14
1;59;16;1,14
1;59;17;1,14
1;59;18;1,14
1;59;19;1,14
1;59;20;1,14
1;59;21;1,14
1;59;22;1,14
1;59;23;1,14
1;59;24;1,14
1;59;25;1,14
1;59;26;1,14
1;59;27;1,14
1;59;28;1,14
1;59;29;1,14
1;59;30;1,14
1;59;31;1,14
1;59;32;1,14
1;59;33;1,14
1;59;34;1,14
1;59;35;1,14
1;59;36;1,14
1;59;37;1,14
1;59;38;1,14
1;59;39;1,14
1;59;40;1,14
1;59;41;1,14
1;59;42;1,14
1;59;43;1,14
1;59;44;1,14
1;59;45;1,14
1;59;46;1,14
1;59;47;1,14
1;59;48;1,14
1;59;49;1,14
1;59;50;1,14
1;59;51;1,14
1;59;52;1,14
1;59;53;1,14
1;59;54;1,14
1;59;55;1,14
1;60;1;1,28
1;60;2;1,28
1;60;3;1,28
1;60;4;1,28
1;60;5;1,28
1;60;6;1,28
1;60;7;1,28
1;60;8;1,28
1;60;9;1,28
1;60;10;1,28
1;60;11;1,28
1;60;12;1,28
1;60;13;1,28
1;60;14;1,28
1;60;15;1,28
1;60;16;1,28
1;60;17;1,28
1;60;18;1,28
1;60;19;1,28
1;60;20;1,28
1;60;21;1,28
1;60;22;1,28
1;60;23;1,28
1;60;24;1,28
1;60;25;1,28
1;60;26;1,28
1;60;27;1,28
1;60;28;1,28
1;60;29;1,28
1;60;30;1,28
1;60;31;1,28
1;60;32;1,28
1;60;33;1,28
1;60;34;1,28
1;60;35;1,28
1;60;36;1,28
1;60;37;1,28
1;60;38;1,28
1;60;39;1,28
1;60;40;1,28
1;60;41;1,28
1;60;42;1,28
1;60;43;1,28
1;60;44;1,28
1;60;45;1,28
1;60;46;1,28
1;60;47;1,28
1;60;48;1,28
1;60;49;1,28
1;60;50;1,28
1;60;51;1,28
1;60;52;1,28
1;60;53;1,28
1;60;54;1,28
1;60;55;1,28
1;61;1;1,42
1;61;2;1,42
1;61;3;1,42
1;61;4;1,42
1;61;5;1,42
1;61;6;1,42
1;61;7;1,42
1;61;8;1,42
1;61;9;1,42
1;61;10;1,42
1;61;11;1,42
1;61;12;1,42
1;61;13;1,42
1;61;14;1,42
1;61;15;1,42
1;61;16;1,42
1;61;17;1,42
1;61;18;1,42
1;61;19;1,42
1;61;20;1,42
1;61;21;1,42
1;61;22;1,42
1;61;23;1,42
1;61;24;1,42
1;61;25;1,42
1;61;26;1,42
1;61;27;1,42
1;61;28;1,42
1;61;29;1,42
1;61;30;1,42
1;61;31;1,42
1;61;32;1,42
1;61;33;1,42
1;61;34;1,42
1;61;35;1,42
1;61;36;1,42
1;61;37;1,42
1;61;38;1,42
1;61;39;1,42
1;61;40;1,42
1;61;41;1,42
1;61;42;1,42
1;61;43;1,42
1;61;44;1,42
1;61;45;1,42
1;61;46;1,42
1;61;47;1,42
1;61;48;1,42
1;61;49;1,42
1;61;50;1,42
1;61;51;1,42
1;61;52;1,42
1;61;53;1,42
1;61;54;1,42
1;61;55;1,42
1;62;1;1,58
1;62;2;1,58
1;62;3;1,58
1;62;4;1,58
1;62;5;1,58
1;62;6;1,58
1;62;7;1,58
1;62;8;1,58
1;62;9;1,58
1;62;10;1,58
1;62;11;1,58
1;62;12;1,58
1;62;13;1,58
1;62;14;1,58
1;62;15;1,58
1;62;16;1,58
1;62;17;1,58
1;62;18;1,58
1;62;19;1,58
1;62;20;1,58
1;62;21;1,58
1;62;22;1,58
1;62;23;1,58
1;62;24;1,58
1;62;25;1,58
1;62;26;1,58
1;62;27;1,58
1;62;28;1,58
1;62;29;1,58
1;62;30;1,58
1;62;31;1,58
1;62;32;1,58
1;62;33;1,58
1;62;34;1,58
1;62;35;1,58
1;62;36;1,58
1;62;37;1,58
1;62;38;1,58
1;62;39;1,58
1;62;40;1,58
1;62;41;1,58
1;62;42;1,58
1;62;43;1,58
1;62;44;1,58
1;62;45;1,58
1;62;46;1,58
1;62;47;1,58
1;62;48;1,58
1;62;49;1,58
1;62;50;1,58
1;62;51;1,58
1;62;52;1,58
1;62;53;1,58
1;62;54;1,58
1;62;55;1,58
1;63;1;1,75
1;63;2;1,75
1;63;3;1,75
1;63;4;1,75
1;63;5;1,75
1;63;6;1,75
1;63;7;1,75
1;63;8;1,75
1;63;9;1,75
1;63;10;1,75
1;63;11;1,75
1;63;12;1,75
1;63;13;1,75
1;63;14;1,75
1;63;15;1,75
1;63;16;1,75
1;63;17;1,75
1;63;18;1,75
1;63;19;1,75
1;63;20;1,75
1;63;21;1,75
1;63;22;1,75
1;63;23;1,75
1;63;24;1,75
1;63;25;1,75
1;63;26;1,75
1;63;27;1,75
1;63;28;1,75
1;63;29;1,75
1;63;30;1,75
1;63;31;1,75
1;63;32;1,75
1;63;33;1,75
1;63;34;1,75
1;63;35;1,75
1;63;36;1,75
1;63;37;1,75
1;63;38;1,75
1;63;39;1,75
1;63;40;1,75
1;63;41;1,75
1;63;42;1,75
1;63;43;1,75
1;63;44;1,75
1;63;45;1,75
1;63;46;1,75
1;63;47;1,75
1;63;48;1,75
1;63;49;1,75
1;63;50;1,75
1;63;51;1,75
1;63;52;1,75
1;63;53;1,75
1;63;54;1,75
1;63;55;1,75
1;64;1;1,94
1;64;2;1,94
1;64;3;1,94
1;64;4;1,94
1;64;5;1,94
1;64;6;1,94
1;64;7;1,94
1;64;8;1,94
1;64;9;1,94
1;64;10;1,94
1;64;11;1,94
1;64;12;1,94
1;64;13;1,94
1;64;14;1,94
1;64;15;1,94
1;64;16;1,94
1;64;17;1,94
1;64;18;1,94
1;64;19;1,94
1;64;20;1,94
1;64;21;1,94
1;64;22;1,94
1;64;23;1,94
1;64;24;1,94
1;64;25;1,94
1;64;26;1,94
1;64;27;1,94
1;64;28;1,94
1;64;29;1,94
1;64;30;1,94
1;64;31;1,94
1;64;32;1,94
1;64;33;1,94
1;64;34;1,94
1;64;35;1,94
1;64;36;1,94
1;64;37;1,94
1;64;38;1,94
1;64;39;1,94
1;64;40;1,94
1;64;41;1,94
1;64;42;1,94
1;64;43;1,94
1;64;44;1,94
1;64;45;1,94
1;64;46;1,94
1;64;47;1,94
1;64;48;1,94
1;64;49;1,94
1;64;50;1,94
1;64;51;1,94
1;64;52;1,94
1;64;53;1,94
1;64;54;1,94
1;64;55;1,94
1;65;1;2,15
1;65;2;2,15
1;65;3;2,15
1;65;4;2,15
1;65;5;2,15
1;65;6;2,15
1;65;7;2,15
1;65;8;2,15
1;65;9;2,15
1;65;10;2,15
1;65;11;2,15
1;65;12;2,15
1;65;13;2,15
1;65;14;2,15
1;65;15;2,15
1;65;16;2,15
1;65;17;2,15
1;65;18;2,15
1;65;19;2,15
1;65;20;2,15
1;65;21;2,15
1;65;22;2,15
1;65;23;2,15
1;65;24;2,15
1;65;25;2,15
1;65;26;2,15
1;65;27;2,15
1;65;28;2,15
1;65;29;2,15
1;65;30;2,15
1;65;31;2,15
1;65;32;2,15
1;65;33;2,15
1;65;34;2,15
1;65;35;2,15
1;65;36;2,15
1;65;37;2,15
1;65;38;2,15
1;65;39;2,15
1;65;40;2,15
1;65;41;2,15
1;65;42;2,15
1;65;43;2,15
1;65;44;2,15
1;65;45;2,15
1;65;46;2,15
1;65;47;2,15
1;65;48;2,15
1;65;49;2,15
1;65;50;2,15
1;65;51;2,15
1;65;52;2,15
1;65;53;2,15
1;65;54;2,15
1;65;55;2,15
1;66;1;2,55
1;66;2;2,55
1;66;3;2,55
1;66;4;2,55
1;66;5;2,55
1;66;6;2,55
1;66;7;2,55
1;66;8;2,55
1;66;9;2,55
1;66;10;2,55
1;66;11;2,55
1;66;12;2,55
1;66;13;2,55
1;66;14;2,55
1;66;15;2,55
1;66;16;2,55
1;66;17;2,55
1;66;18;2,55
1;66;19;2,55
1;66;20;2,55
1;66;21;2,55
1;66;22;2,55
1;66;23;2,55
1;66;24;2,55
1;66;25;2,55
1;66;26;2,55
1;66;27;2,55
1;66;28;2,55
1;66;29;2,55
1;66;30;2,55
1;66;31;2,55
1;66;32;2,55
1;66;33;2,55
1;66;34;2,55
1;66;35;2,55
1;66;36;2,55
1;66;37;2,55
1;66;38;2,55
1;66;39;2,55
1;66;40;2,55
1;66;41;2,55
1;66;42;2,55
1;66;43;2,55
1;66;44;2,55
1;66;45;2,55
1;66;46;2,55
1;66;47;2,55
1;66;48;2,55
1;66;49;2,55
1;66;50;2,55
1;66;51;2,55
1;66;52;2,55
1;66;53;2,55
1;66;54;2,55
1;66;55;2,55
1;67;1;2,81
1;67;2;2,81
1;67;3;2,81
1;67;4;2,81
1;67;5;2,81
1;67;6;2,81
1;67;7;2,81
1;67;8;2,81
1;67;9;2,81
1;67;10;2,81
1;67;11;2,81
1;67;12;2,81
1;67;13;2,81
1;67;14;2,81
1;67;15;2,81
1;67;16;2,81
1;67;17;2,81
1;67;18;2,81
1;67;19;2,81
1;67;20;2,81
1;67;21;2,81
1;67;22;2,81
1;67;23;2,81
1;67;24;2,81
1;67;25;2,81
1;67;26;2,81
1;67;27;2,81
1;67;28;2,81
1;67;29;2,81
1;67;30;2,81
1;67;31;2,81
1;67;32;2,81
1;67;33;2,81
1;67;34;2,81
1;67;35;2,81
1;67;36;2,81
1;67;37;2,81
1;67;38;2,81
1;67;39;2,81
1;67;40;2,81
1;67;41;2,81
1;67;42;2,81
1;67;43;2,81
1;67;44;2,81
1;67;45;2,81
1;67;46;2,81
1;67;47;2,81
1;67;48;2,81
1;67;49;2,81
1;67;50;2,81
1;67;51;2,81
1;67;52;2,81
1;67;53;2,81
1;67;54;2,81
1;67;55;2,81
1;68;1;3,11
1;68;2;3,11
1;68;3;3,11
1;68;4;3,11
1;68;5;3,11
1;68;6;3,11
1;68;7;3,11
1;68;8;3,11
1;68;9;3,11
1;68;10;3,11
1;68;11;3,11
1;68;12;3,11
1;68;13;3,11
1;68;14;3,11
1;68;15;3,11
1;68;16;3,11
1;68;17;3,11
1;68;18;3,11
1;68;19;3,11
1;68;20;3,11
1;68;21;3,11
1;68;22;3,11
1;68;23;3,11
1;68;24;3,11
1;68;25;3,11
1;68;26;3,11
1;68;27;3,11
1;68;28;3,11
1;68;29;3,11
1;68;30;3,11
1;68;31;3,11
1;68;32;3,11
1;68;33;3,11
1;68;34;3,11
1;68;35;3,11
1;68;36;3,11
1;68;37;3,11
1;68;38;3,11
1;68;39;3,11
1;68;40;3,11
1;68;41;3,11
1;68;42;3,11
1;68;43;3,11
1;68;44;3,11
1;68;45;3,11
1;68;46;3,11
1;68;47;3,11
1;68;48;3,11
1;68;49;3,11
1;68;50;3,11
1;68;51;3,11
1;68;52;3,11
1;68;53;3,11
1;68;54;3,11
1;68;55;3,11
1;69;1;3,44
1;69;2;3,44
1;69;3;3,44
1;69;4;3,44
1;69;5;3,44
1;69;6;3,44
1;69;7;3,44
1;69;8;3,44
1;69;9;3,44
1;69;10;3,44
1;69;11;3,44
1;69;12;3,44
1;69;13;3,44
1;69;14;3,44
1;69;15;3,44
1;69;16;3,44
1;69;17;3,44
1;69;18;3,44
1;69;19;3,44
1;69;20;3,44
1;69;21;3,44
1;69;22;3,44
1;69;23;3,44
1;69;24;3,44
1;69;25;3,44
1;69;26;3,44
1;69;27;3,44
1;69;28;3,44
1;69;29;3,44
1;69;30;3,44
1;69;31;3,44
1;69;32;3,44
1;69;33;3,44
1;69;34;3,44
1;69;35;3,44
1;69;36;3,44
1;69;37;3,44
1;69;38;3,44
1;69;39;3,44
1;69;40;3,44
1;69;41;3,44
1;69;42;3,44
1;69;43;3,44
1;69;44;3,44
1;69;45;3,44
1;69;46;3,44
1;69;47;3,44
1;69;48;3,44
1;69;49;3,44
1;69;50;3,44
1;69;51;3,44
1;69;52;3,44
1;69;53;3,44
1;69;54;3,44
1;69;55;3,44
1;70;1;3,8
1;70;2;3,8
1;70;3;3,8
1;70;4;3,8
1;70;5;3,8
1;70;6;3,8
1;70;7;3,8
1;70;8;3,8
1;70;9;3,8
1;70;10;3,8
1;70;11;3,8
1;70;12;3,8
1;70;13;3,8
1;70;14;3,8
1;70;15;3,8
1;70;16;3,8
1;70;17;3,8
1;70;18;3,8
1;70;19;3,8
1;70;20;3,8
1;70;21;3,8
1;70;22;3,8
1;70;23;3,8
1;70;24;3,8
1;70;25;3,8
1;70;26;3,8
1;70;27;3,8
1;70;28;3,8
1;70;29;3,8
1;70;30;3,8
1;70;31;3,8
1;70;32;3,8
1;70;33;3,8
1;70;34;3,8
1;70;35;3,8
1;70;36;3,8
1;70;37;3,8
1;70;38;3,8
1;70;39;3,8
1;70;40;3,8
1;70;41;3,8
1;70;42;3,8
1;70;43;3,8
1;70;44;3,8
1;70;45;3,8
1;70;46;3,8
1;70;47;3,8
1;70;48;3,8
1;70;49;3,8
1;70;50;3,8
1;70;51;3,8
1;70;52;3,8
1;70;53;3,8
1;70;54;3,8
1;70;55;3,8
1;71;1;0
1;71;2;0
1;71;3;0
1;71;4;0
1;71;5;0
1;71;6;0
1;71;7;0
1;71;8;0
1;71;9;0
1;71;10;0
1;71;11;0
1;71;12;0
1;71;13;0
1;71;14;0
1;71;15;0
1;71;16;0
1;71;17;0
1;71;18;0
1;71;19;0
1;71;20;0
1;71;21;0
1;71;22;0
1;71;23;0
1;71;24;0
1;71;25;0
1;71;26;0
1;71;27;0
1;71;28;0
1;71;29;0
1;71;30;0
1;71;31;0
1;71;32;0
1;71;33;0
1;71;34;0
1;71;35;0
1;71;36;0
1;71;37;0
1;71;38;0
1;71;39;0
1;71;40;0
1;71;41;0
1;71;42;0
1;71;43;0
1;71;44;0
1;71;45;0
1;71;46;0
1;71;47;0
1;71;48;0
1;71;49;0
1;71;50;0
1;71;51;0
1;71;52;0
1;71;53;0
1;71;54;0
1;71;55;0
1;72;1;0
1;72;2;0
1;72;3;0
1;72;4;0
1;72;5;0
1;72;6;0
1;72;7;0
1;72;8;0
1;72;9;0
1;72;10;0
1;72;11;0
1;72;12;0
1;72;13;0
1;72;14;0
1;72;15;0
1;72;16;0
1;72;17;0
1;72;18;0
1;72;19;0
1;72;20;0
1;72;21;0
1;72;22;0
1;72;23;0
1;72;24;0
1;72;25;0
1;72;26;0
1;72;27;0
1;72;28;0
1;72;29;0
1;72;30;0
1;72;31;0
1;72;32;0
1;72;33;0
1;72;34;0
1;72;35;0
1;72;36;0
1;72;37;0
1;72;38;0
1;72;39;0
1;72;40;0
1;72;41;0
1;72;42;0
1;72;43;0
1;72;44;0
1;72;45;0
1;72;46;0
1;72;47;0
1;72;48;0
1;72;49;0
1;72;50;0
1;72;51;0
1;72;52;0
1;72;53;0
1;72;54;0
1;72;55;0
1;73;1;0
1;73;2;0
1;73;3;0
1;73;4;0
1;73;5;0
1;73;6;0
1;73;7;0
1;73;8;0
1;73;9;0
1;73;10;0
1;73;11;0
1;73;12;0
1;73;13;0
1;73;14;0
1;73;15;0
1;73;16;0
1;73;17;0
1;73;18;0
1;73;19;0
1;73;20;0
1;73;21;0
1;73;22;0
1;73;23;0
1;73;24;0
1;73;25;0
1;73;26;0
1;73;27;0
1;73;28;0
1;73;29;0
1;73;30;0
1;73;31;0
1;73;32;0
1;73;33;0
1;73;34;0
1;73;35;0
1;73;36;0
1;73;37;0
1;73;38;0
1;73;39;0
1;73;40;0
1;73;41;0
1;73;42;0
1;73;43;0
1;73;44;0
1;73;45;0
1;73;46;0
1;73;47;0
1;73;48;0
1;73;49;0
1;73;50;0
1;73;51;0
1;73;52;0
1;73;53;0
1;73;54;0
1;73;55;0
1;74;1;0
1;74;2;0
1;74;3;0
1;74;4;0
1;74;5;0
1;74;6;0
1;74;7;0
1;74;8;0
1;74;9;0
1;74;10;0
1;74;11;0
1;74;12;0
1;74;13;0
1;74;14;0
1;74;15;0
1;74;16;0
1;74;17;0
1;74;18;0
1;74;19;0
1;74;20;0
1;74;21;0
1;74;22;0
1;74;23;0
1;74;24;0
1;74;25;0
1;74;26;0
1;74;27;0
1;74;28;0
1;74;29;0
1;74;30;0
1;74;31;0
1;74;32;0
1;74;33;0
1;74;34;0
1;74;35;0
1;74;36;0
1;74;37;0
1;74;38;0
1;74;39;0
1;74;40;0
1;74;41;0
1;74;42;0
1;74;43;0
1;74;44;0
1;74;45;0
1;74;46;0
1;74;47;0
1;74;48;0
1;74;49;0
1;74;50;0
1;74;51;0
1;74;52;0
1;74;53;0
1;74;54;0
1;74;55;0
1;75;1;0
1;75;2;0
1;75;3;0
1;75;4;0
1;75;5;0
1;75;6;0
1;75;7;0
1;75;8;0
1;75;9;0
1;75;10;0
1;75;11;0
1;75;12;0
1;75;13;0
1;75;14;0
1;75;15;0
1;75;16;0
1;75;17;0
1;75;18;0
1;75;19;0
1;75;20;0
1;75;21;0
1;75;22;0
1;75;23;0
1;75;24;0
1;75;25;0
1;75;26;0
1;75;27;0
1;75;28;0
1;75;29;0
1;75;30;0
1;75;31;0
1;75;32;0
1;75;33;0
1;75;34;0
1;75;35;0
1;75;36;0
1;75;37;0
1;75;38;0
1;75;39;0
1;75;40;0
1;75;41;0
1;75;42;0
1;75;43;0
1;75;44;0
1;75;45;0
1;75;46;0
1;75;47;0
1;75;48;0
1;75;49;0
1;75;50;0
1;75;51;0
1;75;52;0
1;75;53;0
1;75;54;0
1;75;55;0
1;76;1;0
1;76;2;0
1;76;3;0
1;76;4;0
1;76;5;0
1;76;6;0
1;76;7;0
1;76;8;0
1;76;9;0
1;76;10;0
1;76;11;0
1;76;12;0
1;76;13;0
1;76;14;0
1;76;15;0
1;76;16;0
1;76;17;0
1;76;18;0
1;76;19;0
1;76;20;0
1;76;21;0
1;76;22;0
1;76;23;0
1;76;24;0
1;76;25;0
1;76;26;0
1;76;27;0
1;76;28;0
1;76;29;0
1;76;30;0
1;76;31;0
1;76;32;0
1;76;33;0
1;76;34;0
1;76;35;0
1;76;36;0
1;76;37;0
1;76;38;0
1;76;39;0
1;76;40;0
1;76;41;0
1;76;42;0
1;76;43;0
1;76;44;0
1;76;45;0
1;76;46;0
1;76;47;0
1;76;48;0
1;76;49;0
1;76;50;0
1;76;51;0
1;76;52;0
1;76;53;0
1;76;54;0
1;76;55;0
1;77;1;0
1;77;2;0
1;77;3;0
1;77;4;0
1;77;5;0
1;77;6;0
1;77;7;0
1;77;8;0
1;77;9;0
1;77;10;0
1;77;11;0
1;77;12;0
1;77;13;0
1;77;14;0
1;77;15;0
1;77;16;0
1;77;17;0
1;77;18;0
1;77;19;0
1;77;20;0
1;77;21;0
1;77;22;0
1;77;23;0
1;77;24;0
1;77;25;0
1;77;26;0
1;77;27;0
1;77;28;0
1;77;29;0
1;77;30;0
1;77;31;0
1;77;32;0
1;77;33;0
1;77;34;0
1;77;35;0
1;77;36;0
1;77;37;0
1;77;38;0
1;77;39;0
1;77;40;0
1;77;41;0
1;77;42;0
1;77;43;0
1;77;44;0
1;77;45;0
1;77;46;0
1;77;47;0
1;77;48;0
1;77;49;0
1;77;50;0
1;77;51;0
1;77;52;0
1;77;53;0
1;77;54;0
1;77;55;0
1;78;1;0
1;78;2;0
1;78;3;0
1;78;4;0
1;78;5;0
1;78;6;0
1;78;7;0
1;78;8;0
1;78;9;0
1;78;10;0
1;78;11;0
1;78;12;0
1;78;13;0
1;78;14;0
1;78;15;0
1;78;16;0
1;78;17;0
1;78;18;0
1;78;19;0
1;78;20;0
1;78;21;0
1;78;22;0
1;78;23;0
1;78;24;0
1;78;25;0
1;78;26;0
1;78;27;0
1;78;28;0
1;78;29;0
1;78;30;0
1;78;31;0
1;78;32;0
1;78;33;0
1;78;34;0
1;78;35;0
1;78;36;0
1;78;37;0
1;78;38;0
1;78;39;0
1;78;40;0
1;78;41;0
1;78;42;0
1;78;43;0
1;78;44;0
1;78;45;0
1;78;46;0
1;78;47;0
1;78;48;0
1;78;49;0
1;78;50;0
1;78;51;0
1;78;52;0
1;78;53;0
1;78;54;0
1;78;55;0
1;79;1;0
1;79;2;0
1;79;3;0
1;79;4;0
1;79;5;0
1;79;6;0
1;79;7;0
1;79;8;0
1;79;9;0
1;79;10;0
1;79;11;0
1;79;12;0
1;79;13;0
1;79;14;0
1;79;15;0
1;79;16;0
1;79;17;0
1;79;18;0
1;79;19;0
1;79;20;0
1;79;21;0
1;79;22;0
1;79;23;0
1;79;24;0
1;79;25;0
1;79;26;0
1;79;27;0
1;79;28;0
1;79;29;0
1;79;30;0
1;79;31;0
1;79;32;0
1;79;33;0
1;79;34;0
1;79;35;0
1;79;36;0
1;79;37;0
1;79;38;0
1;79;39;0
1;79;40;0
1;79;41;0
1;79;42;0
1;79;43;0
1;79;44;0
1;79;45;0
1;79;46;0
1;79;47;0
1;79;48;0
1;79;49;0
1;79;50;0
1;79;51;0
1;79;52;0
1;79;53;0
1;79;54;0
1;79;55;0
