name,translated_name,id,created_at,updated_at
Bikini,,14441,2024-07-11 09:53:30.875850,2024-07-11 09:53:30.875852
アイドルレスラー,,430128,2024-07-11 09:53:30.903970,2024-07-11 09:53:30.903972
貝合わせ,scissoring,533230,2024-07-11 09:53:30.242261,2024-07-11 09:53:30.242263
女尊男卑,femdom,1162326,2024-07-11 09:53:30.777499,2024-07-11 09:53:30.777501
女子高生,high school girl,1342716,2024-07-11 09:53:30.438936,2024-07-11 09:53:30.438938
スポーツブラ,sports bra,1499483,2024-07-11 09:53:30.230004,2024-07-11 09:53:30.230005
Ryona,,1670507,2024-07-11 09:53:31.247316,2024-07-11 09:53:31.247318
ballbusting,,1753794,2024-07-11 09:53:30.624927,2024-07-11 09:53:30.624928
及川雫,Shizuku Oikawa,2134783,2024-07-11 09:53:30.266839,2024-07-11 09:53:30.266841
女子高生/JK,,2174667,2024-07-11 09:53:30.514203,2024-07-11 09:53:30.514205
エンパイアクラブEF,,2247549,2024-07-11 09:53:31.253408,2024-07-11 09:53:31.253409
勃起,erection,2612693,2024-07-11 09:53:30.232189,2024-07-11 09:53:30.232191
小説,novel,2780747,2024-07-11 09:53:31.058862,2024-07-11 09:53:31.058864
凌暁雨,Ling Xiaoyu,2850260,2024-07-11 09:53:30.422760,2024-07-11 09:53:30.422762
グレープフルーツクロー,,2931694,2024-07-11 09:53:30.827371,2024-07-11 09:53:30.827373
強制クンニ,,2999230,2024-07-11 09:53:30.240047,2024-07-11 09:53:30.240049
小川ひかる,Hikaru Ogawa,3028895,2024-07-11 09:53:31.078151,2024-07-11 09:53:31.078153
69,,3064516,2024-07-11 09:53:30.236158,2024-07-11 09:53:30.236160
咲宮入華,,3108037,2024-07-11 09:53:31.237520,2024-07-11 09:53:31.237523
コイカツ!,Koikatsu!,3414298,2024-07-11 09:53:30.186218,2024-07-11 09:53:30.186220
エッチ,ecchi,3451686,2024-07-11 09:53:31.299777,2024-07-11 09:53:31.299779
オリジナル,original,3502977,2024-07-11 09:53:29.870778,2024-07-11 09:53:29.870780
CMNF,clothed male naked female,3512902,2024-07-11 09:53:31.208249,2024-07-11 09:53:31.208251
ペルソナ4,persona 4,3585021,2024-07-11 09:53:31.337025,2024-07-11 09:53:31.337027
コリィ・スナイパー,,3652038,2024-07-11 09:53:30.560525,2024-07-11 09:53:30.560527
C101,,3700100,2024-07-11 09:53:30.859544,2024-07-11 09:53:30.859546
乙花スミレ,Sumire Otohana,3794988,2024-07-11 09:53:30.825383,2024-07-11 09:53:30.825385
ちさたき,Nishikigi Chisato/Inoue Takina,3941645,2024-07-11 09:53:30.370317,2024-07-11 09:53:30.370319
ボクシングアリーナ・ネビュラ,Boxing Arena NEBULA,4046915,2024-07-11 09:53:30.205805,2024-07-11 09:53:30.205807
オリジナル500users入り,Original 500+ bookmarks,4074993,2024-07-11 09:53:31.044327,2024-07-11 09:53:31.044329
原創,original,4140427,2024-07-11 09:53:30.666292,2024-07-11 09:53:30.666294
電マ,electric massager,4210622,2024-07-11 09:53:30.279869,2024-07-11 09:53:30.279871
明日方舟,Arknights,4306466,2024-07-11 09:53:30.169977,2024-07-11 09:53:30.169979
アズールレーン100users入り,Azur Lane 100+ bookmarks,4321504,2024-07-11 09:53:30.024593,2024-07-11 09:53:30.024595
即墜ち,,4661668,2024-07-11 09:53:30.676505,2024-07-11 09:53:30.676507
日ノ本零子,Reiko Hinomoto,4699023,2024-07-11 09:53:30.333898,2024-07-11 09:53:30.333900
ほのか(DOA),Honoka (DOA),4902420,2024-07-11 09:53:30.192392,2024-07-11 09:53:30.192394
胸合わせ,breasts pressed together,5139475,2024-07-11 09:53:30.099585,2024-07-11 09:53:30.099587
金的,targeting the male crotch,5247895,2024-07-11 09:53:30.388762,2024-07-11 09:53:30.388764
背後から手コキ,handjob from behind,5477377,2024-07-11 09:53:30.008919,2024-07-11 09:53:30.008920
ねじ込みたい尻,ass I want to screw,5484086,2024-07-11 09:53:31.153556,2024-07-11 09:53:31.153557
韓国vs日本,,5492485,2024-07-11 09:53:30.163693,2024-07-11 09:53:30.163695
主観視点,first person pov,5543087,2024-07-11 09:53:30.993945,2024-07-11 09:53:30.993947
宣伝,promo,5828602,2024-07-11 09:53:31.063098,2024-07-11 09:53:31.063100
セックス,sex,5836394,2024-07-11 09:53:30.630866,2024-07-11 09:53:30.630868
パッケージパイルドライバー,,5952957,2024-07-11 09:53:31.307648,2024-07-11 09:53:31.307650
競泳水着,competition swimsuits,6034583,2024-07-11 09:53:30.048912,2024-07-11 09:53:30.048914
歳の差,age gap,6174847,2024-07-11 09:53:30.168007,2024-07-11 09:53:30.168009
戸川固め,,6275030,2024-07-11 09:53:30.151731,2024-07-11 09:53:30.151732
男女混合プロレス,,6284073,2024-07-11 09:53:30.700876,2024-07-11 09:53:30.700878
黒髪,black hair,6395587,2024-07-11 09:53:30.362089,2024-07-11 09:53:30.362091
NTR,cuckold,6399304,2024-07-11 09:53:29.900447,2024-07-11 09:53:29.900448
土の字拘束,,6436411,2024-07-11 09:53:30.281710,2024-07-11 09:53:30.281712
COM3D2.5,,6632531,2024-07-11 09:53:30.670600,2024-07-11 09:53:30.670602
スカトロ,scat,6663936,2024-07-11 09:53:30.730378,2024-07-11 09:53:30.730380
監獄固め,,6727915,2024-07-11 09:53:31.005801,2024-07-11 09:53:31.005803
くぱぁ,spread pussy,6829565,2024-07-11 09:53:31.021595,2024-07-11 09:53:31.021597
葉月あざみ,,7263475,2024-07-11 09:53:31.179371,2024-07-11 09:53:31.179373
背面駅弁,,7287804,2024-07-11 09:53:30.032660,2024-07-11 09:53:30.032662
intergender,,7311052,2024-07-11 09:53:31.314444,2024-07-11 09:53:31.314447
ガーターベルト,garterbelt,7412479,2024-07-11 09:53:30.942306,2024-07-11 09:53:30.942308
恥ずかし固め,embarrassing,7639609,2024-07-11 09:53:30.149912,2024-07-11 09:53:30.149914
部活対抗プロレス,,7763226,2024-07-11 09:53:30.038735,2024-07-11 09:53:30.038737
湊ツバサ,,7934774,2024-07-11 09:53:30.157826,2024-07-11 09:53:30.157828
キャラ紹介,character introduction,8118612,2024-07-11 09:53:30.775391,2024-07-11 09:53:30.775393
技絵,illustration of combat technique,8328057,2024-07-11 09:53:30.005066,2024-07-11 09:53:30.005068
搾精,milking,8334706,2024-07-11 09:53:30.791006,2024-07-11 09:53:30.791008
膝蹴り,knee strike,8402532,2024-07-11 09:53:30.196264,2024-07-11 09:53:30.196266
破瓜,deflowering,8508497,2024-07-11 09:53:30.485843,2024-07-11 09:53:30.485845
洋式トイレ,Western-style toilet,8532369,2024-07-11 09:53:31.333296,2024-07-11 09:53:31.333299
足フェチ,foot fetishism,8735812,2024-07-11 09:53:30.781344,2024-07-11 09:53:30.781346
白石沙季,,8973165,2024-07-11 09:53:31.007840,2024-07-11 09:53:31.007842
R18,,8988304,2024-07-11 09:53:31.388212,2024-07-11 09:53:31.388214
ふたゆり,yuri futanari,9048166,2024-07-11 09:53:31.255405,2024-07-11 09:53:31.255407
日韓対決,Japan vs Korea,9105044,2024-07-11 09:53:31.167523,2024-07-11 09:53:31.167525
リョナ祭り,,9337517,2024-07-11 09:53:31.465984,2024-07-11 09:53:31.465986
黒潮(艦隊これくしょん),,9574475,2024-07-11 09:53:30.924591,2024-07-11 09:53:30.924593
熟女,mature,9690052,2024-07-11 09:53:30.165792,2024-07-11 09:53:30.165795
お尻,ass,9849049,2024-07-11 09:53:29.874791,2024-07-11 09:53:29.874793
断面図,cross-section view,10006669,2024-07-11 09:53:30.680555,2024-07-11 09:53:30.680557
城ヶ崎美嘉,Mika Jougasaki,10024990,2024-07-11 09:53:30.246010,2024-07-11 09:53:30.246012
総合格闘,,10251387,2024-07-11 09:53:30.706684,2024-07-11 09:53:30.706686
yuri,,10407546,2024-07-11 09:53:30.176092,2024-07-11 09:53:30.176094
ウチの子,original character,10565410,2024-07-11 09:53:29.997420,2024-07-11 09:53:29.997448
鎌固め,,10697235,2024-07-11 09:53:31.375015,2024-07-11 09:53:31.375017
ミニスカート,miniskirt,11050847,2024-07-11 09:53:30.948203,2024-07-11 09:53:30.948205
白瀬雫,,11053169,2024-07-11 09:53:30.434747,2024-07-11 09:53:30.434749
ずらし挿入は,,11140556,2024-07-11 09:53:31.128963,2024-07-11 09:53:31.128965
ミックスボクシング,mixed boxing,11327015,2024-07-11 09:53:30.686370,2024-07-11 09:53:30.686372
クリンチ,clinch,11451905,2024-07-11 09:53:30.515972,2024-07-11 09:53:30.515974
ryona,,11490040,2024-07-11 09:53:30.658355,2024-07-11 09:53:30.658356
潮吹き,squirting,11764296,2024-07-11 09:53:29.971909,2024-07-11 09:53:29.971910
夜のプロレス,,11928966,2024-07-11 09:53:29.849800,2024-07-11 09:53:29.849802
青髪,blue hair,11954286,2024-07-11 09:53:30.981570,2024-07-11 09:53:30.981572
錦木千束,Nishikigi Chisato,12048945,2024-07-11 09:53:30.249860,2024-07-11 09:53:30.249862
剥けチン,peeled foreskin,12184041,2024-07-11 09:53:30.238119,2024-07-11 09:53:30.238121
冥土へ誘うものアイリ,,12288827,2024-07-11 09:53:31.111901,2024-07-11 09:53:31.111903
社会人プロレス,,12347408,2024-07-11 09:53:30.055270,2024-07-11 09:53:30.055272
R-18,,12871993,2024-07-11 09:53:29.828841,2024-07-11 09:53:29.828843
手マン,handjob,13136815,2024-07-11 09:53:29.878635,2024-07-11 09:53:29.878637
出羽鷹子,,13276577,2024-07-11 09:53:31.459799,2024-07-11 09:53:31.459800
世界でいちばん強くなりたい!,Wanna Be the Strongest in the World,13288611,2024-07-11 09:53:31.342704,2024-07-11 09:53:31.342706
3Dカスタム少女500users入り,,13303276,2024-07-11 09:53:30.468810,2024-07-11 09:53:30.468812
com3d2,Custom Order Maid 3D 2,13455411,2024-07-11 09:53:30.540729,2024-07-11 09:53:30.540731
パイズリ早抜き部VS挟まれ早イキ部,,13518754,2024-07-11 09:53:30.584641,2024-07-11 09:53:30.584642
新田美波,Minami Nitta,14214860,2024-07-11 09:53:30.247920,2024-07-11 09:53:30.247922
馬乗り,straddling,14405640,2024-07-11 09:53:30.353871,2024-07-11 09:53:30.353873
ヒロピン,heroine in trouble,14453594,2024-07-11 09:53:30.566380,2024-07-11 09:53:30.566381
縞パン,shimapan,14470254,2024-07-11 09:53:30.710674,2024-07-11 09:53:30.710676
シャオユウ,Xiaoyu,14725658,2024-07-11 09:53:30.723485,2024-07-11 09:53:30.723487
風呂,bath,14733057,2024-07-11 09:53:30.887531,2024-07-11 09:53:30.887533
橘玲美,,14817659,2024-07-11 09:53:31.399997,2024-07-11 09:53:31.399999
V字開脚,wide spread legs,14880496,2024-07-11 09:53:30.154116,2024-07-11 09:53:30.154118
ザックセイバーjr,,14973659,2024-07-11 09:53:31.080615,2024-07-11 09:53:31.080617
野村つばさ,,15090578,2024-07-11 09:53:31.421182,2024-07-11 09:53:31.421184
プロレス技,wrestling technique,15368128,2024-07-11 09:53:30.430924,2024-07-11 09:53:30.430926
言葉責め,dirty talk,15379359,2024-07-11 09:53:30.811233,2024-07-11 09:53:30.811236
チョークスリーパー,chokehold,15514153,2024-07-11 09:53:30.372469,2024-07-11 09:53:30.372471
着衣巨乳,clothed breasts,15618575,2024-07-11 09:53:30.040763,2024-07-11 09:53:30.040765
格闘,hand-to-hand combat,15725039,2024-07-11 09:53:30.188314,2024-07-11 09:53:30.188316
藤沢瞳,,15756197,2024-07-11 09:53:31.275670,2024-07-11 09:53:31.275672
山吹沙綾,Saaya Yamabuki,15835042,2024-07-11 09:53:30.965589,2024-07-11 09:53:30.965591
レッスルエンジェルス,Wrestle Angels,16059301,2024-07-11 09:53:30.455637,2024-07-11 09:53:30.455640
素足,bare feet,16147318,2024-07-11 09:53:30.522475,2024-07-11 09:53:30.522477
オリジナル1000users入り,original 1000+ bookmarks,16179947,2024-07-11 09:53:31.191366,2024-07-11 09:53:31.191368
エヴァンゲリオン,evangelion,16302370,2024-07-11 09:53:31.358201,2024-07-11 09:53:31.358203
敗北,defeat,16362776,2024-07-11 09:53:29.944016,2024-07-11 09:53:29.944018
亀頭責め,glans torture,16435021,2024-07-11 09:53:30.907927,2024-07-11 09:53:30.907929
気絶,fainting,16552954,2024-07-11 09:53:30.997898,2024-07-11 09:53:30.997900
白瀬咲耶,Sakuya Shirase,16574973,2024-07-11 09:53:31.119326,2024-07-11 09:53:31.119328
Femdom,,16735782,2024-07-11 09:53:30.518069,2024-07-11 09:53:30.518071
部活,extracurricular activities,16960917,2024-07-11 09:53:31.015645,2024-07-11 09:53:31.015647
霞(DOA),Kasumi (DoA),17035682,2024-07-11 09:53:31.104386,2024-07-11 09:53:31.104387
cm3d2,,17292502,2024-07-11 09:53:29.983828,2024-07-11 09:53:29.983829
南利美,Toshimi Minami,17392454,2024-07-11 09:53:30.954226,2024-07-11 09:53:30.954228
パイズリ,paizuri,17536556,2024-07-11 09:53:29.949358,2024-07-11 09:53:29.949360
褐色娘,dark-skinned girl,17844211,2024-07-11 09:53:30.756317,2024-07-11 09:53:30.756319
リコリス・リコイル10000users入り,Lycoris Recoil 10000+ bookmarks,17959897,2024-07-11 09:53:30.256436,2024-07-11 09:53:30.256438
よその娘,someone else's female OC,18095539,2024-07-11 09:53:31.407918,2024-07-11 09:53:31.407920
乳舐め,breast licking,18153803,2024-07-11 09:53:30.101574,2024-07-11 09:53:30.101575
羽交い締め,armlock,18427931,2024-07-11 09:53:31.265691,2024-07-11 09:53:31.265697
マウントポジション,mount position,18520601,2024-07-11 09:53:30.351811,2024-07-11 09:53:30.351814
双頭バイブ,double-headed vibrator,18614431,2024-07-11 09:53:31.301751,2024-07-11 09:53:31.301753
逆NTR,reverse NTR,18702103,2024-07-11 09:53:30.688236,2024-07-11 09:53:30.688238
カスタムメイド3D2,Custom Maid 3D 2,18803772,2024-07-11 09:53:29.982049,2024-07-11 09:53:29.982051
乳首イキ,orgasm due to nipple stimulation,19105312,2024-07-11 09:53:31.019612,2024-07-11 09:53:31.019613
裸靴,nude with shoes,19258201,2024-07-11 09:53:29.956690,2024-07-11 09:53:29.956691
相互手マン,mutual fingering,19504816,2024-07-11 09:53:29.964528,2024-07-11 09:53:29.964530
ビッチ,bitch,19695363,2024-07-11 09:53:31.223571,2024-07-11 09:53:31.223573
足バタバタ,,19862471,2024-07-11 09:53:31.196956,2024-07-11 09:53:31.196958
女性優位,,19894735,2024-07-11 09:53:30.940248,2024-07-11 09:53:30.940250
rwby,,20034944,2024-07-11 09:53:30.823463,2024-07-11 09:53:30.823465
スポーツ,sport,20772714,2024-07-11 09:53:30.076082,2024-07-11 09:53:30.076084
顔射,facial ejaculation,20795277,2024-07-11 09:53:31.384517,2024-07-11 09:53:31.384518
巫女,miko,20936235,2024-07-11 09:53:30.589392,2024-07-11 09:53:30.589394
CG集,CG collection,21012977,2024-07-11 09:53:31.215198,2024-07-11 09:53:31.215200
柊ゆうな,,21056010,2024-07-11 09:53:30.006959,2024-07-11 09:53:30.006961
ヴァルキュルゥース,,21404451,2024-07-11 09:53:30.398972,2024-07-11 09:53:30.398974
力比べ,strength contest,21454254,2024-07-11 09:53:29.991664,2024-07-11 09:53:29.991666
ムエタイ,Thai boxing,21826321,2024-07-11 09:53:30.843346,2024-07-11 09:53:30.843348
妹,little sister,21829867,2024-07-11 09:53:31.447726,2024-07-11 09:53:31.447728
連続搾精,,21839942,2024-07-11 09:53:31.092572,2024-07-11 09:53:31.092574
更衣室,changing room,21889362,2024-07-11 09:53:31.330979,2024-07-11 09:53:31.330981
プロレス辞めたくなる固め技,,21963171,2024-07-11 09:53:30.145851,2024-07-11 09:53:30.145854
ボディシザース,body scissor,22156599,2024-07-11 09:53:31.394013,2024-07-11 09:53:31.394015
この素晴らしい世界に祝福を!,KonoSuba,22182828,2024-07-11 09:53:30.460871,2024-07-11 09:53:30.460873
覆面レスラー,,22283915,2024-07-11 09:53:31.405672,2024-07-11 09:53:31.405674
PSO2,,22323482,2024-07-11 09:53:30.413110,2024-07-11 09:53:30.413112
レズレイプ,lesbian rape,22454007,2024-07-11 09:53:29.913795,2024-07-11 09:53:29.913797
プロレスリョナ,,22480341,2024-07-11 09:53:31.194989,2024-07-11 09:53:31.194991
足4の字固め,figure-four leg lock,22483489,2024-07-11 09:53:31.056278,2024-07-11 09:53:31.056281
【地下コロ】対戦,,22574015,2024-07-11 09:53:29.947608,2024-07-11 09:53:29.947609
スティンクフェイス,stinkface,22591563,2024-07-11 09:53:30.839138,2024-07-11 09:53:30.839140
ノーハンド射精,,22744743,2024-07-11 09:53:30.793090,2024-07-11 09:53:30.793091
breast_punch,,22747679,2024-07-11 09:53:30.979425,2024-07-11 09:53:30.979427
セーラー服,sailor uniform,23054475,2024-07-11 09:53:31.259746,2024-07-11 09:53:31.259747
レイプ目,empty eyes,23383229,2024-07-11 09:53:31.040542,2024-07-11 09:53:31.040543
我々の業界ではご褒美です,We call it ‘reward’ around here,23451932,2024-07-11 09:53:29.856097,2024-07-11 09:53:29.856099
競スク,competitive school swimwear,23473098,2024-07-11 09:53:31.036590,2024-07-11 09:53:31.036591
footjob,,23579579,2024-07-11 09:53:31.233528,2024-07-11 09:53:31.233530
レッグスプレッド,,23789406,2024-07-11 09:53:31.082972,2024-07-11 09:53:31.082973
ブルーアーカイブ,Blue Archive,23802194,2024-07-11 09:53:30.829326,2024-07-11 09:53:30.829328
プロレスごっこ,,23827493,2024-07-11 09:53:31.372999,2024-07-11 09:53:31.373001
格闘技,combative sport,23946439,2024-07-11 09:53:30.368289,2024-07-11 09:53:30.368291
オナニー,masturbation,24137475,2024-07-11 09:53:30.400898,2024-07-11 09:53:30.400900
逆片エビ固め,,24323168,2024-07-11 09:53:31.269599,2024-07-11 09:53:31.269601
ゼノブレイド,xenoblade,24456338,2024-07-11 09:53:31.159591,2024-07-11 09:53:31.159592
失神,fainting,25046252,2024-07-11 09:53:30.003175,2024-07-11 09:53:30.003177
【地下コロ】,,25130824,2024-07-11 09:53:29.945894,2024-07-11 09:53:29.945896
佐々木莉亜,,25151496,2024-07-11 09:53:31.283197,2024-07-11 09:53:31.283199
白パイピング,,25422090,2024-07-11 09:53:31.052008,2024-07-11 09:53:31.052009
Wrestling,,25474306,2024-07-11 09:53:30.702969,2024-07-11 09:53:30.702971
片乳,one breast exposed,25477774,2024-07-11 09:53:30.260499,2024-07-11 09:53:30.260501
女子プロレス,women's pro wrestling,25769817,2024-07-11 09:53:29.882476,2024-07-11 09:53:29.882478
小柄,,25795939,2024-07-11 09:53:31.461858,2024-07-11 09:53:31.461860
逆リョナ,reverse bullying,25862271,2024-07-11 09:53:30.268956,2024-07-11 09:53:30.268958
鈴元千夏,,26100666,2024-07-11 09:53:31.344437,2024-07-11 09:53:31.344439
小沢佳代,Kayo Ozawa,26110778,2024-07-11 09:53:31.411643,2024-07-11 09:53:31.411645
パイズールレーン,Paizur Lane,26179177,2024-07-11 09:53:30.020821,2024-07-11 09:53:30.020823
失禁,incontinence,26319974,2024-07-11 09:53:30.060177,2024-07-11 09:53:30.060179
絞め技,chokehold,26331865,2024-07-11 09:53:30.374586,2024-07-11 09:53:30.374588
股間攻撃,groin attack,26415040,2024-07-11 09:53:31.003809,2024-07-11 09:53:31.003811
四の字固め,figure-four leg lock,26482207,2024-07-11 09:53:30.508280,2024-07-11 09:53:30.508282
女子プロレスファン,,26549778,2024-07-11 09:53:30.930640,2024-07-11 09:53:30.930642
首折り,neck breaking,26935763,2024-07-11 09:53:30.664330,2024-07-11 09:53:30.664332
femdom,,26987136,2024-07-11 09:53:30.915661,2024-07-11 09:53:30.915663
歯形,,27013884,2024-07-11 09:53:31.074136,2024-07-11 09:53:31.074138
お姉さん,older girl,27161568,2024-07-11 09:53:30.768814,2024-07-11 09:53:30.768816
originalcharacters,,27277364,2024-07-11 09:53:30.654272,2024-07-11 09:53:30.654273
肩車,piggyback,27362780,2024-07-11 09:53:31.177398,2024-07-11 09:53:31.177400
触手,tentacle,27378399,2024-07-11 09:53:30.277500,2024-07-11 09:53:30.277502
裸ニーソ,wearing only knee-high socks,27611853,2024-07-11 09:53:30.740589,2024-07-11 09:53:30.740590
叩きたい尻,butt I want to spank,27697020,2024-07-11 09:53:31.151724,2024-07-11 09:53:31.151726
日本人VS外国人,,27736023,2024-07-11 09:53:30.952433,2024-07-11 09:53:30.952436
モブリョナ,,27882711,2024-07-11 09:53:30.512199,2024-07-11 09:53:30.512201
男攻め,,27956095,2024-07-11 09:53:30.524484,2024-07-11 09:53:30.524486
肉体言語,,28088793,2024-07-11 09:53:30.620913,2024-07-11 09:53:30.620915
お姉さんのおっぱい,older girl's boobs,28205505,2024-07-11 09:53:31.392049,2024-07-11 09:53:31.392051
黒髪ショート,short black hair,28270162,2024-07-11 09:53:31.219472,2024-07-11 09:53:31.219474
夜野帷,,28320228,2024-07-11 09:53:30.554734,2024-07-11 09:53:30.554735
Lucy,,28409679,2024-07-11 09:53:30.109469,2024-07-11 09:53:30.109470
ディルド,dildo,28441363,2024-07-11 09:53:30.660173,2024-07-11 09:53:30.660174
背後から胸揉み,breast groping from behind,28579942,2024-07-11 09:53:30.097663,2024-07-11 09:53:30.097664
BOXING,,28656091,2024-07-11 09:53:31.261802,2024-07-11 09:53:31.261803
お品書き,oshinagaki,28718843,2024-07-11 09:53:30.601019,2024-07-11 09:53:30.601021
格闘娘,fighting girl,28812427,2024-07-11 09:53:30.611255,2024-07-11 09:53:30.611257
大河内沙代子,,28814147,2024-07-11 09:53:31.457915,2024-07-11 09:53:31.457917
おねリョナ,,28884666,2024-07-11 09:53:31.212982,2024-07-11 09:53:31.212984
拳擊,,29389679,2024-07-11 09:53:31.356097,2024-07-11 09:53:31.356099
クイーンズブレイド,Queen's Blade,29536249,2024-07-11 09:53:31.115709,2024-07-11 09:53:31.115711
大人向け,,29938362,2024-07-11 09:53:30.118100,2024-07-11 09:53:30.118102
マウスピース,mouth piece,30192641,2024-07-11 09:53:31.339022,2024-07-11 09:53:31.339024
カスタムオーダーメイド3D2,Custom Maid 3D 2,30292753,2024-07-11 09:53:29.999420,2024-07-11 09:53:29.999422
機械姦,intercourse with machinery,30328056,2024-07-11 09:53:31.318901,2024-07-11 09:53:31.318903
顔面蹴り,face kick,30507934,2024-07-11 09:53:31.142011,2024-07-11 09:53:31.142012
うちの子,OC,30606112,2024-07-11 09:53:29.942141,2024-07-11 09:53:29.942143
羞恥,humiliation,30740546,2024-07-11 09:53:30.330074,2024-07-11 09:53:30.330075
LiPPS,,31159391,2024-07-11 09:53:30.572360,2024-07-11 09:53:30.572362
横乳,side-breast,31254202,2024-07-11 09:53:30.404669,2024-07-11 09:53:30.404671
背後から手マン,fingering from behind,31392264,2024-07-11 09:53:30.380659,2024-07-11 09:53:30.380661
ミックスファイト,mixed-sex combat,31615953,2024-07-11 09:53:29.851970,2024-07-11 09:53:29.851972
弱気顔,,31739199,2024-07-11 09:53:31.430715,2024-07-11 09:53:31.430717
ボルチモア(アズールレーン),Baltimore (Azur Lane),31782227,2024-07-11 09:53:30.018413,2024-07-11 09:53:30.018415
リョナ,Ryona,31902122,2024-07-11 09:53:29.886655,2024-07-11 09:53:29.886658
ピエロ,pierrot,32065752,2024-07-11 09:53:31.023418,2024-07-11 09:53:31.023420
相互挿入,mutual insertion,32455767,2024-07-11 09:53:30.300520,2024-07-11 09:53:30.300522
花火川联赛,,32481140,2024-07-11 09:53:30.078046,2024-07-11 09:53:30.078047
ボコ顔,bruised face,32544340,2024-07-11 09:53:30.289883,2024-07-11 09:53:30.289884
Skeb,,32777318,2024-07-11 09:53:30.411239,2024-07-11 09:53:30.411241
竜宮アイリ,,32942077,2024-07-11 09:53:30.752053,2024-07-11 09:53:30.752055
よその子,someone else's OC,33011354,2024-07-11 09:53:29.940280,2024-07-11 09:53:29.940281
吸いたくなるオッパイ,,33019617,2024-07-11 09:53:31.134673,2024-07-11 09:53:31.134675
あててんのよ,intentional contact,33031619,2024-07-11 09:53:30.270939,2024-07-11 09:53:30.270941
ブレストスムーザー,breast smother,33221813,2024-07-11 09:53:29.894379,2024-07-11 09:53:29.894380
ハニートラップ,honey trapping,33251653,2024-07-11 09:53:30.806482,2024-07-11 09:53:30.806484
長手袋,long gloves,33301085,2024-07-11 09:53:30.835093,2024-07-11 09:53:30.835094
柔道,Judo,33635790,2024-07-11 09:53:30.957966,2024-07-11 09:53:30.957968
電気アンマ,denkianma,33928937,2024-07-11 09:53:30.221931,2024-07-11 09:53:30.221932
ラブホテル,love hotel,34374862,2024-07-11 09:53:31.277571,2024-07-11 09:53:31.277573
乳吸い,suckling,35086824,2024-07-11 09:53:31.072064,2024-07-11 09:53:31.072066
4の字固め,figure-four leglock,35450268,2024-07-11 09:53:30.609221,2024-07-11 09:53:30.609222
日韓,,35692433,2024-07-11 09:53:30.161842,2024-07-11 09:53:30.161844
サブミッション,submission,35732332,2024-07-11 09:53:30.432732,2024-07-11 09:53:30.432734
アクメビーム,,35760956,2024-07-11 09:53:30.085656,2024-07-11 09:53:30.085658
調教,training,35883424,2024-07-11 09:53:30.837005,2024-07-11 09:53:30.837007
erza,,36042228,2024-07-11 09:53:30.111735,2024-07-11 09:53:30.111737
かっこかわいい,cool and cute,36218766,2024-07-11 09:53:30.899945,2024-07-11 09:53:30.899946
バトルファック・リング,,36566598,2024-07-11 09:53:30.682667,2024-07-11 09:53:30.682669
vroid,,36724173,2024-07-11 09:53:30.692123,2024-07-11 09:53:30.692125
足コキ,footjob,36876018,2024-07-11 09:53:30.219976,2024-07-11 09:53:30.219977
ランブルローズ,Rumble Roses,36957207,2024-07-11 09:53:30.332002,2024-07-11 09:53:30.332004
朝比奈まふゆ,Asahina Mafuyu,36988532,2024-07-11 09:53:30.337798,2024-07-11 09:53:30.337800
ドミネーション,domination,37239331,2024-07-11 09:53:31.403754,2024-07-11 09:53:31.403756
ニーソ,kneesocks,37281953,2024-07-11 09:53:31.027224,2024-07-11 09:53:31.027226
L.M.C.P:技絵,,37438256,2024-07-11 09:53:31.434477,2024-07-11 09:53:31.434479
おっぱい窒息,,37475990,2024-07-11 09:53:30.789101,2024-07-11 09:53:30.789103
レーシングバック,racing back,37486256,2024-07-11 09:53:30.417126,2024-07-11 09:53:30.417128
乳踏み,,37568116,2024-07-11 09:53:30.047092,2024-07-11 09:53:30.047094
森の番人ノワ,,38180712,2024-07-11 09:53:31.113768,2024-07-11 09:53:31.113771
守野涼太郎,Ryotaro Morino,38384827,2024-07-11 09:53:31.439830,2024-07-11 09:53:31.439831
詠,Poetry,38547176,2024-07-11 09:53:30.883687,2024-07-11 09:53:30.883689
フランケンシュタイナー,Frankensteiner,38570242,2024-07-11 09:53:30.445497,2024-07-11 09:53:30.445499
Ass,,38646883,2024-07-11 09:53:30.871259,2024-07-11 09:53:30.871261
プロレス,pro wrestling,38748244,2024-07-11 09:53:29.923720,2024-07-11 09:53:29.923722
リンコス,,39435842,2024-07-11 09:53:31.030849,2024-07-11 09:53:31.030851
Koikatsu,,39436455,2024-07-11 09:53:30.202017,2024-07-11 09:53:30.202019
シャワールーム,shower room,39628699,2024-07-11 09:53:30.662004,2024-07-11 09:53:30.662006
公開処刑,public execution,39709628,2024-07-11 09:53:30.474976,2024-07-11 09:53:30.474978
女子プロレス100users入り,,39803769,2024-07-11 09:53:30.390985,2024-07-11 09:53:30.390987
フライバック,Flyback,39810572,2024-07-11 09:53:30.415097,2024-07-11 09:53:30.415099
股縄,crotch rope,40058400,2024-07-11 09:53:30.821688,2024-07-11 09:53:30.821690
女子総合格闘技,,40171627,2024-07-11 09:53:30.708605,2024-07-11 09:53:30.708607
セリフ付き,with dialogue,40178856,2024-07-11 09:53:30.913765,2024-07-11 09:53:30.913768
無口,,40223780,2024-07-11 09:53:31.231539,2024-07-11 09:53:31.231541
揉みしだきたい乳,boobs I want to massage,40414460,2024-07-11 09:53:31.130957,2024-07-11 09:53:31.130959
FANBOX,,40468609,2024-07-11 09:53:31.064954,2024-07-11 09:53:31.064955
STF,,40594910,2024-07-11 09:53:31.257586,2024-07-11 09:53:31.257588
玉責め,testicle stimulation,40615127,2024-07-11 09:53:31.449677,2024-07-11 09:53:31.449679
ジャーマンスープレックス,German suplex,40640998,2024-07-11 09:53:30.772954,2024-07-11 09:53:30.772956
黒澤ダイヤ,Dia Kurosawa,40661562,2024-07-11 09:53:31.289188,2024-07-11 09:53:31.289190
騎乗位,cowgirl position,40848869,2024-07-11 09:53:29.954903,2024-07-11 09:53:29.954905
色別対抗プロレス,,40947137,2024-07-11 09:53:30.743548,2024-07-11 09:53:30.743550
裸靴下,naked with socks,41080535,2024-07-11 09:53:31.328702,2024-07-11 09:53:31.328704
ディープキス,deep kiss,41104330,2024-07-11 09:53:31.428901,2024-07-11 09:53:31.428903
おもらし,pee,41129184,2024-07-11 09:53:30.732441,2024-07-11 09:53:30.732443
金髪,blonde,41265184,2024-07-11 09:53:31.221393,2024-07-11 09:53:31.221395
双子,twins,41344422,2024-07-11 09:53:31.452056,2024-07-11 09:53:31.452058
立ちバック,doggy style,41356551,2024-07-11 09:53:30.283631,2024-07-11 09:53:30.283633
リクエスト,request,41556948,2024-07-11 09:53:29.917655,2024-07-11 09:53:29.917657
電気責め,electro torture,41645180,2024-07-11 09:53:30.721409,2024-07-11 09:53:30.721411
はいてない,bottomless,41735488,2024-07-11 09:53:31.169458,2024-07-11 09:53:31.169461
いかせあい,,41747562,2024-07-11 09:53:30.463112,2024-07-11 09:53:30.463114
humiliation,,41877208,2024-07-11 09:53:30.114307,2024-07-11 09:53:30.114309
女子ボクシング,women's boxing,41901324,2024-07-11 09:53:30.500652,2024-07-11 09:53:30.500654
プロレズ,,41953638,2024-07-11 09:53:30.893753,2024-07-11 09:53:30.893755
ロリおね,loli/older girl,42067234,2024-07-11 09:53:31.121116,2024-07-11 09:53:31.121117
渡辺智美,Tomomi Watanabe,42083946,2024-07-11 09:53:31.417298,2024-07-11 09:53:31.417300
ぶっかけ,bukkake,42094798,2024-07-11 09:53:30.010879,2024-07-11 09:53:30.010881
顔騎,facesitting,42153673,2024-07-11 09:53:30.799917,2024-07-11 09:53:30.799919
性教育,sex education,42165610,2024-07-11 09:53:30.969619,2024-07-11 09:53:30.969621
ノーザンライトスープレックス,,42477318,2024-07-11 09:53:30.550705,2024-07-11 09:53:30.550707
Xiaoyu,,42488061,2024-07-11 09:53:30.728498,2024-07-11 09:53:30.728500
貞操具,,42508684,2024-07-11 09:53:29.902301,2024-07-11 09:53:29.902303
boxinggirls,,42524616,2024-07-11 09:53:30.644955,2024-07-11 09:53:30.644957
ボクの彼女は変身ヒロイン,,42596383,2024-07-11 09:53:30.717505,2024-07-11 09:53:30.717508
焦らし,,42880581,2024-07-11 09:53:31.350207,2024-07-11 09:53:31.350209
白黒,monochrome,43126322,2024-07-11 09:53:29.970046,2024-07-11 09:53:29.970047
園田智代子,Chiyoko Sonoda,43135229,2024-07-11 09:53:31.173465,2024-07-11 09:53:31.173467
駅弁,Bodybuilder position,43553345,2024-07-11 09:53:31.143968,2024-07-11 09:53:31.143970
StableDiffusion,,43609934,2024-07-11 09:53:30.977418,2024-07-11 09:53:30.977445
凌辱,sexual assault,43629872,2024-07-11 09:53:30.704735,2024-07-11 09:53:30.704737
鉄拳,tekken,43901075,2024-07-11 09:53:30.419020,2024-07-11 09:53:30.419022
コブラツイスト,cobra twist,43948500,2024-07-11 09:53:29.934680,2024-07-11 09:53:29.934682
女の子に急所攻撃,strike on women's vital spots,44048756,2024-07-11 09:53:29.888590,2024-07-11 09:53:29.888592
ロリ巨乳,loli with huge breasts,44076988,2024-07-11 09:53:30.510174,2024-07-11 09:53:30.510176
ムチムチ,fat,44493887,2024-07-11 09:53:30.626880,2024-07-11 09:53:30.626882
フィストファック,fisting,44679679,2024-07-11 09:53:30.764932,2024-07-11 09:53:30.764934
仰け反り,bending back,44795336,2024-07-11 09:53:30.275414,2024-07-11 09:53:30.275416
夜野砌,,44993541,2024-07-11 09:53:30.466937,2024-07-11 09:53:30.466939
プロジェクトセカイ,Project Sekai,45105280,2024-07-11 09:53:30.335778,2024-07-11 09:53:30.335780
尻神様,heavenly ass,45193987,2024-07-11 09:53:31.155714,2024-07-11 09:53:31.155716
百合,yuri,45195657,2024-07-11 09:53:29.915643,2024-07-11 09:53:29.915645
片足パンツ,panties through one leg,45351873,2024-07-11 09:53:29.860170,2024-07-11 09:53:29.860172
種付けプレス,mating press,45404006,2024-07-11 09:53:30.030807,2024-07-11 09:53:30.030809
ファイトルーム,,45459046,2024-07-11 09:53:31.371051,2024-07-11 09:53:31.371053
ラブライブ!100users入り,Love Live! 100+ bookmarks,45510665,2024-07-11 09:53:31.295587,2024-07-11 09:53:31.295589
アイマス1000users入り,The Idolmaster 1000+ bookmarks,45590481,2024-07-11 09:53:31.122911,2024-07-11 09:53:31.122913
OL,office lady,45666734,2024-07-11 09:53:30.292302,2024-07-11 09:53:30.292304
パラダイスロック,,45752277,2024-07-11 09:53:30.477600,2024-07-11 09:53:30.477602
ロングヘアー,long hair,46021464,2024-07-11 09:53:31.198791,2024-07-11 09:53:31.198793
逝かせ合い,,46542879,2024-07-11 09:53:29.966382,2024-07-11 09:53:29.966384
地下プロレス,underground wrestling,46700771,2024-07-11 09:53:30.593260,2024-07-11 09:53:30.593262
レスリング,wrestling,46863579,2024-07-11 09:53:30.079946,2024-07-11 09:53:30.079948
ギブアップ,,46879799,2024-07-11 09:53:30.542937,2024-07-11 09:53:30.542939
Embarrassing,,46904664,2024-07-11 09:53:30.105608,2024-07-11 09:53:30.105610
関西弁,,46933373,2024-07-11 09:53:30.357901,2024-07-11 09:53:30.357903
伝奇,,47291194,2024-07-11 09:53:30.698562,2024-07-11 09:53:30.698564
寝技,sleeper hold,47369995,2024-07-11 09:53:30.841452,2024-07-11 09:53:30.841454
フルネルソン,Fullnelson,47376894,2024-07-11 09:53:30.447544,2024-07-11 09:53:30.447546
L.M.C.P,,47528535,2024-07-11 09:53:31.432593,2024-07-11 09:53:31.432595
ドМホイホイ,,47535621,2024-07-11 09:53:30.938297,2024-07-11 09:53:30.938299
CFNM,clothed female naked male,47605338,2024-07-11 09:53:30.936343,2024-07-11 09:53:30.936345
中出し,creampie,47907155,2024-07-11 09:53:29.841570,2024-07-11 09:53:29.841572
強制絶頂,coerced orgasm,48316044,2024-07-11 09:53:29.843525,2024-07-11 09:53:29.843527
色仕掛け,seduction techniques,48473081,2024-07-11 09:53:30.809071,2024-07-11 09:53:30.809073
ボディーブロー,,48484979,2024-07-11 09:53:30.211713,2024-07-11 09:53:30.211715
今泉ん家,Imaizumin's home,48576278,2024-07-11 09:53:30.851644,2024-07-11 09:53:30.851646
エロプロレス,,48623054,2024-07-11 09:53:31.193153,2024-07-11 09:53:31.193155
バンドリ1000users入り,BanG Dream! 1000+ bookmarks,48865400,2024-07-11 09:53:30.967526,2024-07-11 09:53:30.967528
mixedfight,,49024519,2024-07-11 09:53:31.316773,2024-07-11 09:53:31.316775
アトミックドロップ,atomic drop,49176445,2024-07-11 09:53:30.865421,2024-07-11 09:53:30.865447
キャットファイトファン,,49407019,2024-07-11 09:53:30.928696,2024-07-11 09:53:30.928698
スパンキング,spanking,49430084,2024-07-11 09:53:30.287755,2024-07-11 09:53:30.287756
トップレス,topless,49446028,2024-07-11 09:53:29.921734,2024-07-11 09:53:29.921736
ふた×女,futanari/woman,49607260,2024-07-11 09:53:31.382706,2024-07-11 09:53:31.382707
レズセックス,lesbian sex,49707719,2024-07-11 09:53:30.622949,2024-07-11 09:53:30.622951
クンニ,cunnilingus,49893726,2024-07-11 09:53:30.137631,2024-07-11 09:53:30.137633
トレーニングウェア,training outfits,49944043,2024-07-11 09:53:31.263683,2024-07-11 09:53:31.263684
鷲掴み,gripping,50057410,2024-07-11 09:53:30.383159,2024-07-11 09:53:30.383161
第1回BFバトルトーナメント,,50103405,2024-07-11 09:53:30.070241,2024-07-11 09:53:30.070243
腋,armpits,50155852,2024-07-11 09:53:29.987689,2024-07-11 09:53:29.987690
3Dカスタム少女,3D Custom Girl,50162217,2024-07-11 09:53:29.880557,2024-07-11 09:53:29.880559
ラブライブ!,love live!,50327251,2024-07-11 09:53:30.528364,2024-07-11 09:53:30.528366
ブルマ,bloomers,50328229,2024-07-11 09:53:30.345937,2024-07-11 09:53:30.345939
レオタード,leotard,50457770,2024-07-11 09:53:30.833134,2024-07-11 09:53:30.833136
男勝ち,,50618504,2024-07-11 09:53:31.251533,2024-07-11 09:53:31.251535
おねショタ,oneshota,50643325,2024-07-11 09:53:30.225774,2024-07-11 09:53:30.225776
人外,non-human,51020540,2024-07-11 09:53:31.032872,2024-07-11 09:53:31.032874
股裂き,leg split,51062709,2024-07-11 09:53:30.306598,2024-07-11 09:53:30.306600
速水奏,Hayami Kanade,51176964,2024-07-11 09:53:30.570367,2024-07-11 09:53:30.570368
股ドン,crotch kick,51323905,2024-07-11 09:53:30.603078,2024-07-11 09:53:30.603080
溢れ精液,creampie,51328241,2024-07-11 09:53:30.971571,2024-07-11 09:53:30.971572
ヒカリ(ゼノブレイド2),Mythra (Xenoblade 2),51706966,2024-07-11 09:53:31.161554,2024-07-11 09:53:31.161556
commission,,51803525,2024-07-11 09:53:31.285163,2024-07-11 09:53:31.285165
逆エビ固め,Boston crab,51877247,2024-07-11 09:53:30.012774,2024-07-11 09:53:30.012776
バック,from behind,51924170,2024-07-11 09:53:31.225553,2024-07-11 09:53:31.225556
急所攻撃,groin attack,52001718,2024-07-11 09:53:30.385086,2024-07-11 09:53:30.385088
関節技,joint locking,52298405,2024-07-11 09:53:30.064079,2024-07-11 09:53:30.064081
足こちょ,foot tickle,52786473,2024-07-11 09:53:31.109930,2024-07-11 09:53:31.109931
寝バック,pronebone position,52824818,2024-07-11 09:53:31.348164,2024-07-11 09:53:31.348165
乳内射精,intramammary ejaculation,52900288,2024-07-11 09:53:30.022803,2024-07-11 09:53:30.022804
太ももコキ,intercrural sex,52929333,2024-07-11 09:53:31.138259,2024-07-11 09:53:31.138261
百合キス,lesbian kiss,52975552,2024-07-11 09:53:31.249537,2024-07-11 09:53:31.249539
爆乳,huge breasts,53013718,2024-07-11 09:53:30.766838,2024-07-11 09:53:30.766840
無知シチュ,blissful ignorance,53311444,2024-07-11 09:53:30.121909,2024-07-11 09:53:30.121910
乳出し,exposed breasts,53360326,2024-07-11 09:53:30.946367,2024-07-11 09:53:30.946369
ボディKO,,53381914,2024-07-11 09:53:30.215748,2024-07-11 09:53:30.215749
女子プロレス1000users入り,,53657035,2024-07-11 09:53:30.562470,2024-07-11 09:53:30.562471
パワーボム,power bomb,53708549,2024-07-11 09:53:30.198282,2024-07-11 09:53:30.198283
アクメビームサーベル,,53826301,2024-07-11 09:53:30.093832,2024-07-11 09:53:30.093834
綾波レイ,rei ayanami,53912498,2024-07-11 09:53:31.360077,2024-07-11 09:53:31.360079
女子プロレスラー,female pro wrestler,53950214,2024-07-11 09:53:29.985807,2024-07-11 09:53:29.985809
ファンタジー,fantasy,53957014,2024-07-11 09:53:31.467881,2024-07-11 09:53:31.467883
撫で回したい尻,ass worth rubbing,54011060,2024-07-11 09:53:31.157610,2024-07-11 09:53:31.157612
寸止め,edging,54074228,2024-07-11 09:53:30.909883,2024-07-11 09:53:30.909885
挿入,penetration,54086896,2024-07-11 09:53:31.200905,2024-07-11 09:53:31.200907
ローション,lotion,54118476,2024-07-11 09:53:31.427109,2024-07-11 09:53:31.427111
ニーリフト,knee lift,54303185,2024-07-11 09:53:30.341627,2024-07-11 09:53:30.341629
boxing,,54330533,2024-07-11 09:53:30.647129,2024-07-11 09:53:30.647131
高広唯,,54433859,2024-07-11 09:53:31.441979,2024-07-11 09:53:31.441981
レズ痴漢,,54518813,2024-07-11 09:53:30.885501,2024-07-11 09:53:30.885503
シックスナイン,69,54522090,2024-07-11 09:53:30.234169,2024-07-11 09:53:30.234170
闘乳,breast fight,54528915,2024-07-11 09:53:30.787069,2024-07-11 09:53:30.787071
スパイ,spy,54639737,2024-07-11 09:53:29.831492,2024-07-11 09:53:29.831494
鼠蹊部,groin,54650527,2024-07-11 09:53:31.029051,2024-07-11 09:53:31.029052
嘔吐,vomit,54653067,2024-07-11 09:53:30.845232,2024-07-11 09:53:30.845234
裸足裏,bare soles,54983164,2024-07-11 09:53:31.042362,2024-07-11 09:53:31.042364
cute,,55008585,2024-07-11 09:53:30.975416,2024-07-11 09:53:30.975418
駅弁固め,,55038235,2024-07-11 09:53:30.453631,2024-07-11 09:53:30.453633
VRMお人形遊び,,55103239,2024-07-11 09:53:30.690289,2024-07-11 09:53:30.690291
ふた×ふた,futanari/futanari,55339270,2024-07-11 09:53:30.298435,2024-07-11 09:53:30.298437
CM3D2,,55503542,2024-07-11 09:53:29.960540,2024-07-11 09:53:29.960542
赤城(艦隊これくしょん),Akagi (Kantai Collection),55603152,2024-07-11 09:53:30.919636,2024-07-11 09:53:30.919638
星野ちよる,,55724868,2024-07-11 09:53:31.423055,2024-07-11 09:53:31.423056
女子プロレス漫画,,55739867,2024-07-11 09:53:30.479467,2024-07-11 09:53:30.479469
レズ,lesbians,56044834,2024-07-11 09:53:29.993561,2024-07-11 09:53:29.993562
イキ顔,,56208855,2024-07-11 09:53:30.406780,2024-07-11 09:53:30.406782
タッグマッチ,tag match,56256810,2024-07-11 09:53:31.386365,2024-07-11 09:53:31.386367
ビキニ,bikini,56259162,2024-07-11 09:53:29.890663,2024-07-11 09:53:29.890665
指マン,fingering,56456534,2024-07-11 09:53:30.819614,2024-07-11 09:53:30.819616
八剣六花,,56627231,2024-07-11 09:53:30.464948,2024-07-11 09:53:30.464950
クンニリングス,cunnilingus,56704221,2024-07-11 09:53:30.323402,2024-07-11 09:53:30.323405
月岡恋鐘,Kogane Tsukioka,56865281,2024-07-11 09:53:31.117560,2024-07-11 09:53:31.117562
クリトリス,clitoris,57002210,2024-07-11 09:53:31.202708,2024-07-11 09:53:31.202709
ポロリ,slipping off,57225526,2024-07-11 09:53:31.346305,2024-07-11 09:53:31.346307
白瀬桜,,57293708,2024-07-11 09:53:31.204608,2024-07-11 09:53:31.204610
R-18G,,57395454,2024-07-11 09:53:29.907904,2024-07-11 09:53:29.907905
おへそ,bellybutton,57455426,2024-07-11 09:53:30.183988,2024-07-11 09:53:30.183990
性斗,,57571082,2024-07-11 09:53:30.366233,2024-07-11 09:53:30.366235
クリ責め,clitoris stimulation,57612947,2024-07-11 09:53:29.845628,2024-07-11 09:53:29.845630
榎本綾,,57777624,2024-07-11 09:53:31.424972,2024-07-11 09:53:31.424974
バース・アームストロング,,57792029,2024-07-11 09:53:31.096312,2024-07-11 09:53:31.096314
わからせ,,57849464,2024-07-11 09:53:30.036307,2024-07-11 09:53:30.036308
愛液トロトロおまんこ,,57911554,2024-07-11 09:53:31.125022,2024-07-11 09:53:31.125024
肘打ち,elbow strike,58004174,2024-07-11 09:53:30.472784,2024-07-11 09:53:30.472786
男性向け,,58033415,2024-07-11 09:53:30.119999,2024-07-11 09:53:30.120001
命乞い,begging for life,58118614,2024-07-11 09:53:30.847090,2024-07-11 09:53:30.847092
パイルドライバー,pile driver,58215459,2024-07-11 09:53:30.599013,2024-07-11 09:53:30.599015
フェラチオ,blowjob,58312161,2024-07-11 09:53:31.279445,2024-07-11 09:53:31.279447
マン的,vagina stimulation,58538907,2024-07-11 09:53:30.502695,2024-07-11 09:53:30.502697
ZEKKEN,,58658520,2024-07-11 09:53:30.083770,2024-07-11 09:53:30.083772
ドルフィンウェーブ500users入り,,58732773,2024-07-11 09:53:31.241616,2024-07-11 09:53:31.241618
だいしゅきホールド,leg lock,58768271,2024-07-11 09:53:31.025283,2024-07-11 09:53:31.025284
ピンチ,peril,58873556,2024-07-11 09:53:31.084950,2024-07-11 09:53:31.084952
檻,cage,58897363,2024-07-11 09:53:30.395098,2024-07-11 09:53:30.395100
罰ゲーム,penalty game,58952015,2024-07-11 09:53:29.938392,2024-07-11 09:53:29.938394
内股,inner thigh,59021037,2024-07-11 09:53:31.183686,2024-07-11 09:53:31.183688
亜矢乃とりさ,,59028999,2024-07-11 09:53:30.932538,2024-07-11 09:53:30.932540
夜のプロレスごっこ,,59029526,2024-07-11 09:53:30.058100,2024-07-11 09:53:30.058101
ツインテール,twin ponytails,59039309,2024-07-11 09:53:30.736535,2024-07-11 09:53:30.736537
スク水,school swimsuit,59142648,2024-07-11 09:53:30.758293,2024-07-11 09:53:30.758295
レギンス,leggings,59145064,2024-07-11 09:53:30.308773,2024-07-11 09:53:30.308774
ふとももコキ,intercrural sex,59322721,2024-07-11 09:53:31.312030,2024-07-11 09:53:31.312032
体育,gym class,60032254,2024-07-11 09:53:31.048240,2024-07-11 09:53:31.048241
タップアウト,,60152234,2024-07-11 09:53:30.544742,2024-07-11 09:53:30.544744
スクール水着,sukumizu,60195848,2024-07-11 09:53:31.046406,2024-07-11 09:53:31.046408
首絞め,choking,60310177,2024-07-11 09:53:30.001304,2024-07-11 09:53:30.001306
オリジナル30000users入り,original 30000+ Bookmarks,60724728,2024-07-11 09:53:30.129018,2024-07-11 09:53:30.129020
斑鳩(閃乱カグラ),Ikaruga (Senran Kagura),60877930,2024-07-11 09:53:30.881121,2024-07-11 09:53:30.881123
M男,male masochist,61049250,2024-07-11 09:53:30.139848,2024-07-11 09:53:30.139849
体格差,couple with huge physical difference,61049578,2024-07-11 09:53:30.494329,2024-07-11 09:53:30.494331
人妻,wife,61102011,2024-07-11 09:53:30.684498,2024-07-11 09:53:30.684500
アズールレーン,Azur Lane,61189617,2024-07-11 09:53:30.016428,2024-07-11 09:53:30.016430
絶頂我慢,climax endurance,61316736,2024-07-11 09:53:30.738634,2024-07-11 09:53:30.738636
クール,cool,61471166,2024-07-11 09:53:31.229337,2024-07-11 09:53:31.229339
拘束,bondage,61607357,2024-07-11 09:53:29.835614,2024-07-11 09:53:29.835615
虹ヶ咲学園スクールアイドル同好会,Nijigasaki High School School Idol Club,61875700,2024-07-11 09:53:30.532153,2024-07-11 09:53:30.532155
イカせ合い,,61895546,2024-07-11 09:53:31.088775,2024-07-11 09:53:31.088778
ロメロスペシャル,Romero special,62102427,2024-07-11 09:53:30.376680,2024-07-11 09:53:30.376682
窒息,suffocation,62250549,2024-07-11 09:53:30.141974,2024-07-11 09:53:30.141976
DOA,,62610535,2024-07-11 09:53:30.190311,2024-07-11 09:53:30.190313
美少女,beautiful girl,62800773,2024-07-11 09:53:30.983456,2024-07-11 09:53:30.983458
MMA,,62966106,2024-07-11 09:53:30.159891,2024-07-11 09:53:30.159892
白人美少女,,63359141,2024-07-11 09:53:30.552745,2024-07-11 09:53:30.552746
ドMホイホイ,call for the masochists,63588184,2024-07-11 09:53:29.854051,2024-07-11 09:53:29.854053
早漏,premature ejaculation,63770487,2024-07-11 09:53:30.582298,2024-07-11 09:53:30.582300
リコリス・リコイル,Lycoris Recoil,63832230,2024-07-11 09:53:30.251898,2024-07-11 09:53:30.251900
フレイア鏡,Kagami Freia,64043030,2024-07-11 09:53:30.849246,2024-07-11 09:53:30.849248
腹パンチ,hit in the stomach,64096083,2024-07-11 09:53:29.926357,2024-07-11 09:53:29.926358
一撃必殺,,64122769,2024-07-11 09:53:30.831202,2024-07-11 09:53:30.831203
顔面騎乗,facesitting,64191613,2024-07-11 09:53:30.133471,2024-07-11 09:53:30.133473
射精,ejaculation,64689196,2024-07-11 09:53:31.206400,2024-07-11 09:53:31.206402
コイカツ,Koikatsu!,64811226,2024-07-11 09:53:30.091979,2024-07-11 09:53:30.091980
バース(DOA),,64919546,2024-07-11 09:53:31.106221,2024-07-11 09:53:31.106223
3Dカスタム少女100users入り,,65271987,2024-07-11 09:53:30.360038,2024-07-11 09:53:30.360040
太もも絞め,headscissor,65526215,2024-07-11 09:53:30.116281,2024-07-11 09:53:30.116283
ラブライブ!サンシャイン!!,Love Live! Sunshine!!,65825432,2024-07-11 09:53:31.286961,2024-07-11 09:53:31.286963
筋肉,muscle,65982977,2024-07-11 09:53:30.696445,2024-07-11 09:53:30.696447
スク水ニーソ,school swimsuit with knee socks,66301914,2024-07-11 09:53:31.390115,2024-07-11 09:53:31.390117
domination,,66357037,2024-07-11 09:53:30.014627,2024-07-11 09:53:30.014629
シンディー,,66374380,2024-07-11 09:53:30.209748,2024-07-11 09:53:30.209750
望月穂波,,66423525,2024-07-11 09:53:30.339652,2024-07-11 09:53:30.339654
小説作品,,66559390,2024-07-11 09:53:31.061068,2024-07-11 09:53:31.061070
性交,intercourse,66626429,2024-07-11 09:53:31.398035,2024-07-11 09:53:31.398037
大量射精,huge ejaculation,66630768,2024-07-11 09:53:30.694063,2024-07-11 09:53:30.694064
W,,66779636,2024-07-11 09:53:30.177932,2024-07-11 09:53:30.177934
ソープ,soap,66839678,2024-07-11 09:53:30.917645,2024-07-11 09:53:30.917647
エビ固め,,66894864,2024-07-11 09:53:30.867555,2024-07-11 09:53:30.867556
腹蹴り,belly kick,66982577,2024-07-11 09:53:30.568264,2024-07-11 09:53:30.568266
Arknights,,67142516,2024-07-11 09:53:30.172018,2024-07-11 09:53:30.172020
教室,classroom,67158783,2024-07-11 09:53:30.440779,2024-07-11 09:53:30.440781
ぱふぱふ,marshmallow hell,67195660,2024-07-11 09:53:29.892413,2024-07-11 09:53:29.892415
3Dカスタム少女200users入り,,67201683,2024-07-11 09:53:29.896234,2024-07-11 09:53:29.896236
マイクロビキニ,micro bikini,67225487,2024-07-11 09:53:30.616982,2024-07-11 09:53:30.616984
開脚,spread legs,67398196,2024-07-11 09:53:30.328035,2024-07-11 09:53:30.328037
〇学生←脳内変化で読んでねw,,67442801,2024-07-11 09:53:31.067581,2024-07-11 09:53:31.067582
愛液,sexual fluids,67586715,2024-07-11 09:53:30.490192,2024-07-11 09:53:30.490194
ギャル,gyaru,67720238,2024-07-11 09:53:30.442913,2024-07-11 09:53:30.442915
黒澤ルビィ,Ruby Kurosawa,67805690,2024-07-11 09:53:31.291606,2024-07-11 09:53:31.291608
裸足,barefoot,67806738,2024-07-11 09:53:30.262621,2024-07-11 09:53:30.262622
快楽堕ち,succumbing to pleasure,67928230,2024-07-11 09:53:30.026546,2024-07-11 09:53:30.026548
ホムラ(ゼノブレイド2),Pyra (Xenoblade 2),68010256,2024-07-11 09:53:31.163451,2024-07-11 09:53:31.163453
追撃,,68062295,2024-07-11 09:53:31.102344,2024-07-11 09:53:31.102346
寝取らせ,NTR,68177810,2024-07-11 09:53:29.904041,2024-07-11 09:53:29.904042
ルーインドオーガズム,,68213893,2024-07-11 09:53:31.187491,2024-07-11 09:53:31.187493
連続絶頂,multiple orgasms,68268505,2024-07-11 09:53:30.273336,2024-07-11 09:53:30.273338
ボディスラム,,68345852,2024-07-11 09:53:31.034710,2024-07-11 09:53:31.034712
オリジナル10000users入り,original 10000+ bookmarks,68441410,2024-07-11 09:53:30.853621,2024-07-11 09:53:30.853623
乳打撃,breast punching,68873585,2024-07-11 09:53:30.203903,2024-07-11 09:53:30.203905
アーミヤ(アークナイツ),Amiya (Arknights),69064829,2024-07-11 09:53:30.179803,2024-07-11 09:53:30.179805
アルゼンチンバックブリーカー,Argentine back breaker,69072123,2024-07-11 09:53:31.001843,2024-07-11 09:53:31.001845
白目,white eyes,69211133,2024-07-11 09:53:30.668290,2024-07-11 09:53:30.668291
桐生呉葉,,69233097,2024-07-11 09:53:31.181785,2024-07-11 09:53:31.181787
朱姫ちゃん,,69246989,2024-07-11 09:53:30.613117,2024-07-11 09:53:30.613119
五月雨(艦隊これくしょん),Samidare (Kantai Collection),69377906,2024-07-11 09:53:30.926777,2024-07-11 09:53:30.926779
爆乳対決,,69399644,2024-07-11 09:53:30.506368,2024-07-11 09:53:30.506370
レズキス,lesbian kiss,69527699,2024-07-11 09:53:31.380660,2024-07-11 09:53:31.380661
結城千種,Chigusa Yuki,69533935,2024-07-11 09:53:31.413557,2024-07-11 09:53:31.413559
ボクシング,boxing,69538662,2024-07-11 09:53:29.919530,2024-07-11 09:53:29.919532
じゃあボクはレフェリーをやりますね,,69900881,2024-07-11 09:53:31.050174,2024-07-11 09:53:31.050176
電気あんま,denkianma,69968943,2024-07-11 09:53:30.264562,2024-07-11 09:53:30.264564
逆レイプ,reverse rape,70039910,2024-07-11 09:53:30.135595,2024-07-11 09:53:30.135597
大崎甘奈,Amana Oosaki,70180795,2024-07-11 09:53:31.171341,2024-07-11 09:53:31.171343
男の潮吹き,male squirt,70230664,2024-07-11 09:53:30.905997,2024-07-11 09:53:30.905999
乳首責め,nipple stimulation,70364620,2024-07-11 09:53:29.847801,2024-07-11 09:53:29.847803
リン・シャオユウ,Ling Xiaoyu,70397457,2024-07-11 09:53:30.420863,2024-07-11 09:53:30.420865
セリフ,,70402016,2024-07-11 09:53:30.813509,2024-07-11 09:53:30.813511
ボクシングガールズ･メビウス,,70837546,2024-07-11 09:53:30.213451,2024-07-11 09:53:30.213453
乳合わせ,breasts pressing,70876576,2024-07-11 09:53:29.962543,2024-07-11 09:53:29.962544
都条みちる,,70952128,2024-07-11 09:53:31.239646,2024-07-11 09:53:31.239648
オリキャラ,original character,71045576,2024-07-11 09:53:30.520272,2024-07-11 09:53:30.520274
尻,ass,71178053,2024-07-11 09:53:30.458725,2024-07-11 09:53:30.458727
汗だく,sweating,71402129,2024-07-11 09:53:31.054235,2024-07-11 09:53:31.054237
総合格闘技,mixed martial arts,71492466,2024-07-11 09:53:30.062122,2024-07-11 09:53:30.062124
女子レスラー,female wrestler,71538868,2024-07-11 09:53:30.580128,2024-07-11 09:53:30.580129
NovelAIDiffusion,,71808761,2024-07-11 09:53:31.243507,2024-07-11 09:53:31.243509
学園女子プロレス,Gakuen Women's Wrestling,72070027,2024-07-11 09:53:30.591297,2024-07-11 09:53:30.591299
ヒップアタック,hip attack,72163168,2024-07-11 09:53:31.271553,2024-07-11 09:53:31.271555
JK,high school girl,72336493,2024-07-11 09:53:31.367042,2024-07-11 09:53:31.367044
へそ舐め,navel licking,72551840,2024-07-11 09:53:31.445745,2024-07-11 09:53:31.445747
金森麗子,Reiko Kanamori,72657165,2024-07-11 09:53:30.558715,2024-07-11 09:53:30.558717
地味子,rustic girl,72841102,2024-07-11 09:53:30.956046,2024-07-11 09:53:30.956047
無様エロ,uncouth erotic,72846257,2024-07-11 09:53:31.352157,2024-07-11 09:53:31.352158
蔵元ひとみ,,73109043,2024-07-11 09:53:30.378662,2024-07-11 09:53:30.378664
相互愛撫,cuddling,73367728,2024-07-11 09:53:30.857657,2024-07-11 09:53:30.857659
閃乱カグラ,senran kagura,73482592,2024-07-11 09:53:30.878852,2024-07-11 09:53:30.878854
桜庭愛,Ai Sakuraba,73557701,2024-07-11 09:53:31.409794,2024-07-11 09:53:31.409796
ボディブロー,body blow,73628432,2024-07-11 09:53:30.619020,2024-07-11 09:53:30.619021
電車内,in the train,73638391,2024-07-11 09:53:30.785046,2024-07-11 09:53:30.785048
男性受け,submissive male,73889154,2024-07-11 09:53:30.081902,2024-07-11 09:53:30.081903
寝取られ,cuckolding,73938038,2024-07-11 09:53:29.898287,2024-07-11 09:53:29.898289
おっぱい,breasts,73953814,2024-07-11 09:53:29.837574,2024-07-11 09:53:29.837576
【高校女子プロレス】,,74063904,2024-07-11 09:53:30.801969,2024-07-11 09:53:30.801971
食い込み,wedgie,74116901,2024-07-11 09:53:31.273574,2024-07-11 09:53:31.273576
高校生,high school student,74122044,2024-07-11 09:53:31.017694,2024-07-11 09:53:31.017696
金網デスマッチ,,74150931,2024-07-11 09:53:31.464038,2024-07-11 09:53:31.464040
姉妹対決,,74233502,2024-07-11 09:53:31.453966,2024-07-11 09:53:31.453968
レム(リゼロ),Rem (Re:Zero),74382382,2024-07-11 09:53:30.492181,2024-07-11 09:53:30.492183
乳首弄り,,74577977,2024-07-11 09:53:31.126946,2024-07-11 09:53:31.126948
袈裟固め,,74594132,2024-07-11 09:53:30.950149,2024-07-11 09:53:30.950151
生駒エリカ,,74670577,2024-07-11 09:53:31.455857,2024-07-11 09:53:31.455859
女斗,,74790049,2024-07-11 09:53:30.364273,2024-07-11 09:53:30.364275
ベッドの上,on the bed,74827993,2024-07-11 09:53:31.364381,2024-07-11 09:53:31.364383
栗原ゆうり,,75120992,2024-07-11 09:53:30.713475,2024-07-11 09:53:30.713477
スリーパーホールド,sleeper hold,75187233,2024-07-11 09:53:29.936620,2024-07-11 09:53:29.936622
Catfight,,75525030,2024-07-11 09:53:30.869361,2024-07-11 09:53:30.869363
お漏らし,peeing,75865165,2024-07-11 09:53:30.604959,2024-07-11 09:53:30.604961
取っ組み合い,conflict,75880798,2024-07-11 09:53:30.576234,2024-07-11 09:53:30.576236
着衣H,,76089827,2024-07-11 09:53:31.227377,2024-07-11 09:53:31.227379
悶絶,fainting in agony,76152660,2024-07-11 09:53:31.378761,2024-07-11 09:53:31.378763
RYONA,,76166017,2024-07-11 09:53:30.656191,2024-07-11 09:53:30.656193
靴下,socks,76167177,2024-07-11 09:53:30.783194,2024-07-11 09:53:30.783196
アイドルマスターシャイニーカラーズ,The Idolmaster: Shiny Colors,76341028,2024-07-11 09:53:31.011655,2024-07-11 09:53:31.011658
バトルファック,competitive intercourse,76352947,2024-07-11 09:53:29.866881,2024-07-11 09:53:29.866883
おしっこ,peeing,76691725,2024-07-11 09:53:30.449603,2024-07-11 09:53:30.449604
相羽和希,,76814401,2024-07-11 09:53:31.419444,2024-07-11 09:53:31.419446
お姫様だっこ,carrying like a princess,76863508,2024-07-11 09:53:31.297451,2024-07-11 09:53:31.297453
アヘ顔,ahegao,77011638,2024-07-11 09:53:30.089838,2024-07-11 09:53:30.089840
originalcharacter,,77167677,2024-07-11 09:53:30.652114,2024-07-11 09:53:30.652116
絞め落とし,,77325046,2024-07-11 09:53:30.066077,2024-07-11 09:53:30.066079
キャットファイト,catfight,77331869,2024-07-11 09:53:29.884473,2024-07-11 09:53:29.884475
陵辱,sexual assault,77633625,2024-07-11 09:53:29.839542,2024-07-11 09:53:29.839544
女子格闘技,female fighting,77634047,2024-07-11 09:53:30.504471,2024-07-11 09:53:30.504473
ハメ撮り視点,POV,77826021,2024-07-11 09:53:30.855614,2024-07-11 09:53:30.855616
パロスペシャル,Palo Special,78150248,2024-07-11 09:53:30.304749,2024-07-11 09:53:30.304751
アイドルマスターシンデレラガールズ,The Idolmaster: Cinderella Girls,78350369,2024-07-11 09:53:30.244125,2024-07-11 09:53:30.244127
逃げられない,,78500034,2024-07-11 09:53:31.140078,2024-07-11 09:53:31.140079
レズバトル,lesbian competitive intercourse,78536989,2024-07-11 09:53:29.911842,2024-07-11 09:53:29.911844
和泉愛依,Mei Izumi,78541512,2024-07-11 09:53:31.009723,2024-07-11 09:53:31.009725
プロセカ1000users入り,,78665785,2024-07-11 09:53:30.347835,2024-07-11 09:53:30.347837
女の子,girl,78852539,2024-07-11 09:53:30.126170,2024-07-11 09:53:30.126171
バンドリ,BanG Dream! Girls Band Party!,78941231,2024-07-11 09:53:30.963671,2024-07-11 09:53:30.963672
下着,lingerie,78950037,2024-07-11 09:53:30.470743,2024-07-11 09:53:30.470745
敗北射精,,79266710,2024-07-11 09:53:31.189478,2024-07-11 09:53:31.189480
試合絵,,79314688,2024-07-11 09:53:31.326787,2024-07-11 09:53:31.326789
おっぱいプレス,,79434802,2024-07-11 09:53:29.858245,2024-07-11 09:53:29.858247
女子プロレス200users入り,,79528423,2024-07-11 09:53:30.556791,2024-07-11 09:53:30.556793
高坂レイラ,,79786191,2024-07-11 09:53:29.833551,2024-07-11 09:53:29.833553
スクワット,,79848981,2024-07-11 09:53:30.072269,2024-07-11 09:53:30.072270
ペニバン,strap-on,79877304,2024-07-11 09:53:30.393148,2024-07-11 09:53:30.393150
秋の同人祭,,79964287,2024-07-11 09:53:30.526329,2024-07-11 09:53:30.526331
百合(レズ),yuri (lesbian),80156606,2024-07-11 09:53:31.401859,2024-07-11 09:53:31.401861
創作,creation,80224042,2024-07-11 09:53:30.050843,2024-07-11 09:53:30.050845
AI,,80275228,2024-07-11 09:53:30.889646,2024-07-11 09:53:30.889648
巨根ショタ,shota with huge cock,80538155,2024-07-11 09:53:30.227670,2024-07-11 09:53:30.227672
作者はドS,sadistic author,80548267,2024-07-11 09:53:30.548823,2024-07-11 09:53:30.548825
メイ,may,80722776,2024-07-11 09:53:30.207695,2024-07-11 09:53:30.207697
COM3D2,Custom Order Maid 3D 2,80780315,2024-07-11 09:53:29.909871,2024-07-11 09:53:29.909872
ラブライブ!虹ヶ咲学園スクールアイドル同好会,Love Live! Nijigasaki High School Idol Club,80874603,2024-07-11 09:53:30.530254,2024-07-11 09:53:30.530256
エリオット(DOA),,80887136,2024-07-11 09:53:30.194321,2024-07-11 09:53:30.194323
屈辱,humiliation,80958849,2024-07-11 09:53:30.745603,2024-07-11 09:53:30.745605
仰け反り絶頂,back arching orgasm,80987524,2024-07-11 09:53:30.123955,2024-07-11 09:53:30.123957
頭突き,headbutt,81175131,2024-07-11 09:53:31.136468,2024-07-11 09:53:31.136475
Boxing,,81225905,2024-07-11 09:53:30.634900,2024-07-11 09:53:30.634902
筋肉娘,muscle girl,81397794,2024-07-11 09:53:30.546980,2024-07-11 09:53:30.546982
菊池理宇,,81516942,2024-07-11 09:53:31.415341,2024-07-11 09:53:31.415343
ドルフィンウェーブ,Dolphin Wave,81563035,2024-07-11 09:53:31.235446,2024-07-11 09:53:31.235448
男子の視線が気になる,,81568840,2024-07-11 09:53:31.038510,2024-07-11 09:53:31.038512
原神,Genshin Impact,81648606,2024-07-11 09:53:30.636782,2024-07-11 09:53:30.636784
フェラ,fellatio,81700832,2024-07-11 09:53:30.028840,2024-07-11 09:53:30.028842
痣,bruises,81909884,2024-07-11 09:53:30.397092,2024-07-11 09:53:30.397094
まんぐり返し,plow pose,82037401,2024-07-11 09:53:30.155937,2024-07-11 09:53:30.155939
POV,,82132319,2024-07-11 09:53:30.995910,2024-07-11 09:53:30.995912
バーニングハンマー,,82178506,2024-07-11 09:53:31.309836,2024-07-11 09:53:31.309838
TEKKEN,,82218762,2024-07-11 09:53:30.725693,2024-07-11 09:53:30.725695
腹パン事後,,82245092,2024-07-11 09:53:30.217701,2024-07-11 09:53:30.217703
펠라,,82277925,2024-07-11 09:53:30.223918,2024-07-11 09:53:30.223920
女性を乳首責め,,82654417,2024-07-11 09:53:30.130953,2024-07-11 09:53:30.130955
女責め,,82690542,2024-07-11 09:53:30.897933,2024-07-11 09:53:30.897936
3DCG,3D computer graphics,82717103,2024-07-11 09:53:30.498550,2024-07-11 09:53:30.498552
痴女,female pervert,82947030,2024-07-11 09:53:30.999802,2024-07-11 09:53:30.999804
白ビキニ,white bikini,83020468,2024-07-11 09:53:30.042986,2024-07-11 09:53:30.042988
タレ目,drooping eyes,83026229,2024-07-11 09:53:30.343773,2024-07-11 09:53:30.343775
母乳極め,Breast Feeding Extreme,83065497,2024-07-11 09:53:30.804138,2024-07-11 09:53:30.804140
中世,medieval,83135130,2024-07-11 09:53:31.469765,2024-07-11 09:53:31.469767
へそ責め,navel stimulation,83159034,2024-07-11 09:53:30.719601,2024-07-11 09:53:30.719603
乳相撲,breast sumo,83190516,2024-07-11 09:53:30.408983,2024-07-11 09:53:30.408985
navelfetish,,83218768,2024-07-11 09:53:30.436792,2024-07-11 09:53:30.436794
パンチラ,panchira,83462106,2024-07-11 09:53:30.426823,2024-07-11 09:53:30.426825
ぱんつ,panties,83614281,2024-07-11 09:53:30.253816,2024-07-11 09:53:30.253818
殴り合い,fistfight,83718198,2024-07-11 09:53:30.578135,2024-07-11 09:53:30.578137
OLプロレス,,83722986,2024-07-11 09:53:30.642586,2024-07-11 09:53:30.642587
グローインシェイカー,,83797374,2024-07-11 09:53:30.763106,2024-07-11 09:53:30.763108
プロレスしましょ,,84167787,2024-07-11 09:53:31.395973,2024-07-11 09:53:31.395975
男受け,submissive male,84238207,2024-07-11 09:53:30.779468,2024-07-11 09:53:30.779470
レイプ,rape,84298820,2024-07-11 09:53:30.483705,2024-07-11 09:53:30.483707
ブラジャー,bra,84376936,2024-07-11 09:53:31.090742,2024-07-11 09:53:31.090743
着衣パイズリ,clothed paizuri,84554956,2024-07-11 09:53:30.770845,2024-07-11 09:53:30.770847
カスタムメイド3d2,Custom Maid 3D 2,84555967,2024-07-11 09:53:30.747524,2024-07-11 09:53:30.747526
脱衣KO,clothes destroying KO,84560972,2024-07-11 09:53:30.067930,2024-07-11 09:53:30.067932
ロリ,loli,84615009,2024-07-11 09:53:30.587349,2024-07-11 09:53:30.587350
全裸,completely naked,84693407,2024-07-11 09:53:29.995362,2024-07-11 09:53:29.995364
乳揉み,breast rub,84806486,2024-07-11 09:53:30.386970,2024-07-11 09:53:30.386972
くすぐり,tickling,85097163,2024-07-11 09:53:31.108083,2024-07-11 09:53:31.108085
ツープラトン,,85244082,2024-07-11 09:53:31.267595,2024-07-11 09:53:31.267597
むちむち,plump,85383458,2024-07-11 09:53:29.872663,2024-07-11 09:53:29.872665
尻コキ,buttjob,85460417,2024-07-11 09:53:30.285777,2024-07-11 09:53:30.285779
ふたなり,futanari,85648818,2024-07-11 09:53:30.296382,2024-07-11 09:53:30.296384
ぱいずり,paizuri,86254930,2024-07-11 09:53:30.797358,2024-07-11 09:53:30.797360
腹筋,abs,86638683,2024-07-11 09:53:30.294245,2024-07-11 09:53:30.294247
射精管理,controlled ejaculation,86708397,2024-07-11 09:53:30.934369,2024-07-11 09:53:30.934371
MIXバトルファック闘技場,,86748416,2024-07-11 09:53:30.674693,2024-07-11 09:53:30.674695
教師と生徒,,86767849,2024-07-11 09:53:30.861498,2024-07-11 09:53:30.861500
和服,kimono,86828866,2024-07-11 09:53:31.147991,2024-07-11 09:53:31.147993
巨乳,large breasts,87102171,2024-07-11 09:53:29.968231,2024-07-11 09:53:29.968233
ヘテロ,heterosexual,87149876,2024-07-11 09:53:30.973534,2024-07-11 09:53:30.973536
巨乳輪,large areolas,87162237,2024-07-11 09:53:30.258497,2024-07-11 09:53:30.258499
レズビアン,lesbian,87665973,2024-07-11 09:53:30.891695,2024-07-11 09:53:30.891697
眼鏡っ娘,girl with glasses,87776105,2024-07-11 09:53:30.564444,2024-07-11 09:53:30.564446
M女,femsub,87798425,2024-07-11 09:53:30.607212,2024-07-11 09:53:30.607214
副沢たまき,,87915494,2024-07-11 09:53:30.597166,2024-07-11 09:53:30.597168
優木せつ菜,Setsuna Yuki,87928307,2024-07-11 09:53:30.538695,2024-07-11 09:53:30.538697
巨根,large penis,87962842,2024-07-11 09:53:29.905969,2024-07-11 09:53:29.905971
ハイレグ,high-leg leotard,88261599,2024-07-11 09:53:30.095624,2024-07-11 09:53:30.095626
雷電影,Raiden Ei,88596165,2024-07-11 09:53:30.640662,2024-07-11 09:53:30.640664
漫画,manga,88682064,2024-07-11 09:53:29.868877,2024-07-11 09:53:29.868880
腹責め,abdominal stimulation,88831821,2024-07-11 09:53:29.930710,2024-07-11 09:53:29.930712
岸ゆみえ,,88847856,2024-07-11 09:53:30.595349,2024-07-11 09:53:30.595351
キス,kiss,88945206,2024-07-11 09:53:30.615032,2024-07-11 09:53:30.615033
少女プロレス,,88960892,2024-07-11 09:53:30.901994,2024-07-11 09:53:30.901996
拷問,torture,89019449,2024-07-11 09:53:30.496534,2024-07-11 09:53:30.496536
M字開脚,M-shaped legs,89024523,2024-07-11 09:53:30.103631,2024-07-11 09:53:30.103633
ビキニマッチ,,89032023,2024-07-11 09:53:30.045167,2024-07-11 09:53:30.045168
格闘少女,fighting girl,89071092,2024-07-11 09:53:31.245494,2024-07-11 09:53:31.245496
マイティ祐希子,Mighty Yukiko,89193445,2024-07-11 09:53:31.076188,2024-07-11 09:53:31.076190
かすみ(DOA),,89495610,2024-07-11 09:53:31.094465,2024-07-11 09:53:31.094466
阿米娅,Amiya,89857938,2024-07-11 09:53:30.174237,2024-07-11 09:53:30.174239
手コキ,handjob,89898314,2024-07-11 09:53:29.958540,2024-07-11 09:53:29.958542
女性上位,female domination,89931886,2024-07-11 09:53:30.628882,2024-07-11 09:53:30.628884
ドラゴンスリーパー,dragon sleeper,90541041,2024-07-11 09:53:30.428886,2024-07-11 09:53:30.428888
神通(艦隊これくしょん),Jintsuu (Kantai Collection),90645136,2024-07-11 09:53:30.921926,2024-07-11 09:53:30.921928
キャメルクラッチ,camel clutch,91055442,2024-07-11 09:53:30.325926,2024-07-11 09:53:30.325928
フォール,pinfall,91229065,2024-07-11 09:53:30.107560,2024-07-11 09:53:30.107562
オリジナル100users入り,Original 100+ bookmarks,91334351,2024-07-11 09:53:30.959880,2024-07-11 09:53:30.959882
相互手コキ,mutual handjob,91427761,2024-07-11 09:53:31.070053,2024-07-11 09:53:31.070055
学生プロレス,,91780471,2024-07-11 09:53:30.052710,2024-07-11 09:53:30.052711
立場逆転,reversal situation,91875794,2024-07-11 09:53:31.132797,2024-07-11 09:53:31.132799
女攻め,femdom,91946952,2024-07-11 09:53:30.143913,2024-07-11 09:53:30.143915
変身ヒロイン,transformable heroines,91959752,2024-07-11 09:53:30.715360,2024-07-11 09:53:30.715362
キックボクシング,kickboxing,91976991,2024-07-11 09:53:30.632877,2024-07-11 09:53:30.632879
大間忍,,92035516,2024-07-11 09:53:31.149883,2024-07-11 09:53:31.149885
卍固め,,92777702,2024-07-11 09:53:30.481557,2024-07-11 09:53:30.481559
浣腸,enema,92977184,2024-07-11 09:53:30.734536,2024-07-11 09:53:30.734538
顔面パンチ,face punch,92984363,2024-07-11 09:53:30.488330,2024-07-11 09:53:30.488332
桜井千里,Chisato Sakurai,93052418,2024-07-11 09:53:30.451523,2024-07-11 09:53:30.451525
ミックスプロレス,mixed pro wrestling,93176104,2024-07-11 09:53:29.953129,2024-07-11 09:53:29.953131
OC,original character,93688580,2024-07-11 09:53:30.817603,2024-07-11 09:53:30.817605
オリジナル50000users入り,Original 50000+ bookmarks,93696415,2024-07-11 09:53:30.863512,2024-07-11 09:53:30.863514
グレープバイン,,93835627,2024-07-11 09:53:30.349931,2024-07-11 09:53:30.349933
即堕ち2コマシリーズ,2-koma comic strip with speedy plot,93933184,2024-07-11 09:53:30.678523,2024-07-11 09:53:30.678525
我慢,endurance,94034053,2024-07-11 09:53:31.354071,2024-07-11 09:53:31.354073
部活プロレス,,94247582,2024-07-11 09:53:31.013688,2024-07-11 09:53:31.013690
正常位,missionary position,94524939,2024-07-11 09:53:30.355801,2024-07-11 09:53:30.355802
太もも,thighs,94672220,2024-07-11 09:53:30.815553,2024-07-11 09:53:30.815555
お尻の穴,,94862304,2024-07-11 09:53:31.165616,2024-07-11 09:53:31.165619
女王様,queen,95157606,2024-07-11 09:53:31.303632,2024-07-11 09:53:31.303634
コラボ,collab,95211898,2024-07-11 09:53:31.368902,2024-07-11 09:53:31.368904
国木田花丸,Hanamaru Kunikida,95220980,2024-07-11 09:53:31.293622,2024-07-11 09:53:31.293623
NovelAI,,95222497,2024-07-11 09:53:31.185576,2024-07-11 09:53:31.185577
目隠し,blindfold,95296351,2024-07-11 09:53:30.402795,2024-07-11 09:53:30.402797
毒島舞雛,,95440521,2024-07-11 09:53:31.443757,2024-07-11 09:53:31.443758
快楽責め,,95628449,2024-07-11 09:53:30.754107,2024-07-11 09:53:30.754108
首4の字固め,,95725131,2024-07-11 09:53:31.086817,2024-07-11 09:53:31.086822
虹ヶ咲,Nijigasaki,95867417,2024-07-11 09:53:30.534191,2024-07-11 09:53:30.534193
バトル,battle,95937225,2024-07-11 09:53:30.895973,2024-07-11 09:53:30.895975
姉妹百合,lesbian sisters,96155548,2024-07-11 09:53:31.145958,2024-07-11 09:53:31.145960
チキンウイングフェイスロック,,96218076,2024-07-11 09:53:31.376828,2024-07-11 09:53:31.376830
里中千枝,chie satonaka,96283677,2024-07-11 09:53:31.335157,2024-07-11 09:53:31.335158
後背位,doggy style,96536973,2024-07-11 09:53:29.951341,2024-07-11 09:53:29.951343
長野葵,,96630742,2024-07-11 09:53:30.147916,2024-07-11 09:53:30.147917
金蹴り,kick in the crotch,96795450,2024-07-11 09:53:30.302562,2024-07-11 09:53:30.302564
パンスト,pantyhose,96870234,2024-07-11 09:53:29.876775,2024-07-11 09:53:29.876777
ふともも,thighs,96947741,2024-07-11 09:53:30.911811,2024-07-11 09:53:30.911813
マンハッタンドロップ,Manhattan Drop,97226440,2024-07-11 09:53:31.281247,2024-07-11 09:53:31.281249
そうはならんやろ,I don't think so.,97239880,2024-07-11 09:53:30.961750,2024-07-11 09:53:30.961752
同人,doujin,97380000,2024-07-11 09:53:31.217231,2024-07-11 09:53:31.217233
ベアハッグ,bear hug,98097761,2024-07-11 09:53:29.932637,2024-07-11 09:53:29.932639
catfight,,98098542,2024-07-11 09:53:30.574276,2024-07-11 09:53:30.574277
亞磨晶夜凪,,98377428,2024-07-11 09:53:30.074175,2024-07-11 09:53:30.074177
制服,uniform,98471906,2024-07-11 09:53:30.672402,2024-07-11 09:53:30.672404
母乳,breast milk,98509623,2024-07-11 09:53:31.340867,2024-07-11 09:53:31.340869
水着,swimsuit,98511210,2024-07-11 09:53:30.181713,2024-07-11 09:53:30.181715
汗,sweat,98617381,2024-07-11 09:53:29.989747,2024-07-11 09:53:29.989749
陰毛,pubic hair,98653443,2024-07-11 09:53:29.979990,2024-07-11 09:53:29.979992
腹パン,belly punching,98737112,2024-07-11 09:53:29.928512,2024-07-11 09:53:29.928514
アスカ,Asuka,99070700,2024-07-11 09:53:31.362357,2024-07-11 09:53:31.362359
雷電将軍,Raiden Shogun,99175035,2024-07-11 09:53:30.638589,2024-07-11 09:53:30.638591
ソフトリョナ,Soft Ryona,99494682,2024-07-11 09:53:30.749835,2024-07-11 09:53:30.749837
M向け,,99590893,2024-07-11 09:53:30.795356,2024-07-11 09:53:30.795358
ノースリーブ,sleeveless,99738461,2024-07-11 09:53:30.944182,2024-07-11 09:53:30.944184
ジャパニーズオーシャンサイクロンスープレックス,,99785442,2024-07-11 09:53:31.175433,2024-07-11 09:53:31.175435
SM,BDSM,99895250,2024-07-11 09:53:31.305659,2024-07-11 09:53:31.305661
足裏,sole,99981413,2024-07-11 09:53:30.034493,2024-07-11 09:53:30.034495
