name,account,is_followed,profile_image_urls,id,created_at,updated_at
乃亜,rorensu,True,https://i.pximg.net/user-profile/img/2023/08/03/00/05/57/24757477_4355bff32c99f2443abfd49eda7d5aa4_170.jpg,30611,2024-07-11 09:53:26.987759,2024-07-11 09:53:26.987761
I3-@Twitter凍結解除,takesan66,True,,82547,2024-07-11 09:53:27.265695,2024-07-11 09:53:27.265697
大黑屋炎龍※リクエスト受付中,oh-sam1496,True,https://i.pximg.net/user-profile/img/2018/04/23/17/29/52/14131789_5fe50359046c454017efe8b6ee830a01_170.jpg,126930,2024-07-11 09:53:27.577775,2024-07-11 09:53:27.577776
天津甘栗,annindouf,True,https://i.pximg.net/user-profile/img/2019/07/13/21/13/36/16002053_8b0af5eae4f22768b77a1efb44461498_170.jpg,154438,2024-07-11 09:53:27.396554,2024-07-11 09:53:27.396556
ノキア(NM),nokia_nm,False,https://i.pximg.net/user-profile/img/2010/06/12/23/48/11/1861651_daf6e55daa67fcf052a90a9a66263fb1_170.jpg,162619,2024-07-11 09:53:27.765116,2024-07-11 09:53:27.765119
カッコカリ,kari_kakko,True,https://i.pximg.net/user-profile/img/2016/08/07/22/00/55/11312170_74390db225f9e1259ffb3c06c5a18503_170.png,163006,2024-07-11 09:53:27.978033,2024-07-11 09:53:27.989112
くまのつめ,bearclaw,False,https://i.pximg.net/user-profile/img/2010/06/19/16/57/55/1881389_43aaba93b17c950955bb348159916a34_170.png,169375,2024-07-11 09:53:27.563659,2024-07-11 09:53:27.563661
ハネミカッコ,nejikiri,True,https://i.pximg.net/user-profile/img/2023/11/26/21/37/26/25207418_397d739367737452831456ad39ae92cf_170.jpg,173844,2024-07-11 09:53:27.461191,2024-07-11 09:53:27.461193
,,,,242088,2024-07-11 09:53:27.286808,2024-07-11 09:53:27.286810
MURAMASA,asamarum00,True,https://i.pximg.net/user-profile/img/2021/04/01/10/35/44/20456618_fd31f900a140b41842d475ad1863335e_170.jpg,252718,2024-07-11 09:53:27.367659,2024-07-11 09:53:27.472628
てんりゅう,kameneko,True,https://i.pximg.net/user-profile/img/2022/07/02/13/20/11/22963326_334f4397ae079a8358442e7f04295db9_170.png,260144,2024-07-11 09:53:27.084419,2024-07-11 09:53:27.084421
れっかー,deepunderground,False,https://i.pximg.net/user-profile/img/2023/12/29/12/22/47/25324597_5508ee466df17f23daaa073f64a05350_170.png,266479,2024-07-11 09:53:27.660261,2024-07-11 09:53:27.660263
D-Knight,avalronda89,True,https://i.pximg.net/user-profile/img/2013/11/22/22/14/24/7087681_e2fc62ee229abfeccafe6bb0e0ecb2f8_170.png,307292,2024-07-11 09:53:26.971532,2024-07-11 09:53:26.971534
隼人ろっく,hayato_rock,True,https://i.pximg.net/user-profile/img/2021/07/06/20/21/34/20993094_be22fe2c3b9b2b279d66efd47674d3e7_170.jpg,374228,2024-07-11 09:53:27.178357,2024-07-11 09:53:27.178359
逆さにしたグラサンが似合う男,uujiteki-33,True,https://i.pximg.net/user-profile/img/2018/03/11/18/08/24/13940399_7b138934ba8bac470dd7877bf2053918_170.png,412008,2024-07-11 09:53:27.955639,2024-07-11 09:53:27.955641
オリゼー,sakusaku00,True,https://i.pximg.net/user-profile/img/2021/10/03/03/31/04/21513537_242fd31b0369517012ef931b57fa92a8_170.jpg,416353,2024-07-11 09:53:27.634001,2024-07-11 09:53:27.634003
DigDug,digdug006,False,https://i.pximg.net/user-profile/img/2011/10/11/22/14/00/3715626_1b1313d1981cf2a70bd3b144b594da4d_170.jpg,491101,2024-07-11 09:53:27.282800,2024-07-11 09:53:27.282802
尼子重久,metoron,True,https://i.pximg.net/user-profile/img/2014/02/28/23/53/58/7533355_af0238f4336c4cdb1ab3ab39c73745ac_170.png,535291,2024-07-11 09:53:26.994619,2024-07-11 09:53:26.994620
cvhiryuu,cvhiryuu,True,https://i.pximg.net/user-profile/img/2015/03/13/00/34/51/9082042_abd7968eab9df3c239af22f4b7747165_170.jpg,613146,2024-07-11 09:53:27.932663,2024-07-11 09:53:27.932665
のりしろ(Norishiro),mirainotameni18782,True,https://i.pximg.net/user-profile/img/2020/11/30/23/26/28/19754413_28ec0ffa6576da8ef51cf1ac07071dda_170.png,632096,2024-07-11 09:53:27.211269,2024-07-11 09:53:27.698277
まきや,urd09,True,https://i.pximg.net/user-profile/img/2018/05/06/23/28/57/14193569_5c9bcf43418ef4e84e3a61d2eeccbc9e_170.jpg,647475,2024-07-11 09:53:27.176197,2024-07-11 09:53:27.176199
100 eyes Demon,ichimatsu86,True,https://i.pximg.net/user-profile/img/2020/06/11/23/55/39/18808515_350b2a651f7751cdf7a15f6d092b3acc_170.jpg,678329,2024-07-11 09:53:27.882856,2024-07-11 09:53:27.882858
vox,georgianintokyo,True,https://i.pximg.net/user-profile/img/2009/06/22/15/13/43/860322_17fe3b1690a7545e0965587791868e2c_170.jpg,681150,2024-07-11 09:53:27.449141,2024-07-11 09:53:27.449146
Eddie,butakusi,True,https://i.pximg.net/user-profile/img/2011/10/09/02/06/45/3703733_63afdf61093cfb50c3d8555645b44dfc_170.png,687324,2024-07-11 09:53:27.275030,2024-07-11 09:53:27.275032
東京ミックス,mixedfight,True,https://i.pximg.net/user-profile/img/2024/03/29/00/12/25/25697882_29ea4ff1e15a2b0f2f25c6dd644ed518_170.png,692767,2024-07-11 09:53:27.495272,2024-07-11 09:53:27.495278
kotekote,kote_kote,True,https://i.pximg.net/user-profile/img/2020/09/14/22/46/04/19359674_66a268aa69ddfbb933d4b979ecc1c972_170.png,749546,2024-07-11 09:53:27.643209,2024-07-11 09:53:27.643211
ゴド川,senmugen,True,https://i.pximg.net/user-profile/img/2016/06/30/00/07/35/11131848_2fa4489e4d3f3f8873a8a9b84c73bfda_170.png,774947,2024-07-11 09:53:27.008366,2024-07-11 09:53:27.918954
はんぼう,8492ss,True,https://i.pximg.net/user-profile/img/2018/01/29/22/38/34/13756164_9e0b645b24d126ee968e07eb671427ab_170.jpg,782420,2024-07-11 09:53:27.043625,2024-07-11 09:53:27.043627
DMNG55,sc_tkn,True,https://i.pximg.net/user-profile/img/2012/07/18/21/01/41/4875175_6a7c9140f6c049088e623e3f0c88a246_170.png,796640,2024-07-11 09:53:27.898868,2024-07-11 09:53:27.898869
tovia,taterou,True,,803809,2024-07-11 09:53:27.363468,2024-07-11 09:53:27.363470
,,,,917330,2024-07-11 09:53:27.216803,2024-07-11 09:53:27.742525
レイン,freedomlemon,True,https://i.pximg.net/user-profile/img/2019/01/19/16/42/56/15278952_461929e0ed2f8e63d66ddb45b3beef74_170.png,919273,2024-07-11 09:53:27.087098,2024-07-11 09:53:27.676180
リンボ,0434331258,False,https://i.pximg.net/user-profile/img/2022/01/27/09/31/59/22118967_6b66b284067bafbc0ace2edccc1adb6a_170.png,935414,2024-07-11 09:53:27.019619,2024-07-11 09:53:27.019621
ヒバリスタ,arrival21,True,https://i.pximg.net/user-profile/img/2022/06/02/23/14/10/22817570_307423f7e2af45d65880d886a172150a_170.png,954807,2024-07-11 09:53:26.973545,2024-07-11 09:53:27.280739
鈴,hornist0001,True,,998168,2024-07-11 09:53:27.845764,2024-07-11 09:53:27.845766
たこやきちゃん,takoyakidlx,True,https://i.pximg.net/user-profile/img/2011/06/09/21/59/54/3229936_ff69dbdddfce1bf4cee510ad1d0120d3_170.png,1001858,2024-07-11 09:53:27.301091,2024-07-11 09:53:27.301093
爆音丸,bakuon10,True,https://i.pximg.net/user-profile/img/2016/01/01/20/48/17/10318111_3f38182d77ed6b8449db3b5ff7ae1f79_170.jpg,1003905,2024-07-11 09:53:27.938903,2024-07-11 09:53:27.938906
めんまる,menmaru_2001nen,True,https://i.pximg.net/user-profile/img/2023/10/23/22/37/07/25081279_a07c0619144f3ad645806d5ff68e1ada_170.jpg,1057984,2024-07-11 09:53:27.567209,2024-07-11 09:53:27.567211
goose,goose0923,True,https://i.pximg.net/user-profile/img/2020/03/20/02/08/44/18146117_5266b81c3eb0841e312f4f75140de75d_170.jpg,1119969,2024-07-11 09:53:27.303211,2024-07-11 09:53:27.303213
ymda,minoru6388,True,,1146067,2024-07-11 09:53:27.975245,2024-07-11 09:53:27.975247
てつのひじ@6月29日新作,syatan,True,https://i.pximg.net/user-profile/img/2021/02/14/23/11/35/20191306_391ffb183f3b127636b37c0f3d3b9cb7_170.jpg,1240904,2024-07-11 09:53:27.079666,2024-07-11 09:53:27.079667
暁火焔,sin-zo-j,True,https://i.pximg.net/user-profile/img/2023/02/05/20/54/02/23989369_469568a8802afb882cc6f813d7917f5c_170.png,1250624,2024-07-11 09:53:27.041653,2024-07-11 09:53:27.547924
シャーリーン,0620700,True,https://i.pximg.net/user-profile/img/2022/11/22/19/01/03/23643522_482bba8821128d55efe5e97c4249ce79_170.png,1315499,2024-07-11 09:53:27.054221,2024-07-11 09:53:27.054223
N・B・M,junyou14,True,https://i.pximg.net/user-profile/img/2012/08/19/16/40/41/5030501_9b548e8d0f45223f5ce839453a9cb124_170.png,1350455,2024-07-11 09:53:27.971389,2024-07-11 09:53:27.971392
domina,outside0007,True,https://i.pximg.net/user-profile/img/2015/11/01/14/52/33/10062051_0ae400ab0cd55c8d35c93b66f7b0e916_170.jpg,1506731,2024-07-11 09:53:27.585195,2024-07-11 09:53:27.585196
,,,,1552542,2024-07-11 09:53:27.322346,2024-07-11 09:53:27.949227
,,,,1589714,2024-07-11 09:53:27.704019,2024-07-11 09:53:27.762906
,,,,1628702,2024-07-11 09:53:27.017789,2024-07-11 09:53:27.510926
PixelBrain,pbrain,True,https://i.pximg.net/user-profile/img/2021/03/11/10/17/18/20337498_414fa0cbce5b2a197ca4402236ea3652_170.jpg,1721566,2024-07-11 09:53:27.004280,2024-07-11 09:53:27.004282
のり伍郎,nori5rou,False,https://i.pximg.net/user-profile/img/2020/01/24/23/53/13/17452795_b64265af8663042884217a4d78f79892_170.jpg,1790329,2024-07-11 09:53:27.470592,2024-07-11 09:53:27.470594
,,,,1872691,2024-07-11 09:53:27.369510,2024-07-11 09:53:27.369512
,,,,1881939,2024-07-11 09:53:27.248748,2024-07-11 09:53:27.248750
ねあんでるたん,neanderthan,True,https://i.pximg.net/user-profile/img/2018/01/21/17/34/26/13721926_d451b4131474ce24d92d7a9e70ae2e51_170.png,2025034,2024-07-11 09:53:27.193067,2024-07-11 09:53:27.193069
アリスマチック,youmulove,True,https://i.pximg.net/user-profile/img/2024/06/03/01/07/03/25952785_d3cbdb306349744b6af2b22abf304b75_170.png,2032734,2024-07-11 09:53:27.129239,2024-07-11 09:53:27.129241
ahyas,bustivM4k,True,https://i.pximg.net/user-profile/img/2024/01/04/21/50/38/25352665_873706413f067248e7565877e4a616f5_170.jpg,2206634,2024-07-11 09:53:27.141871,2024-07-11 09:53:27.141873
エロバトルン,minagiw,True,https://i.pximg.net/user-profile/img/2023/04/25/07/20/44/24338784_2a43ccd7502116f2d7b9265047414f76_170.jpg,2381288,2024-07-11 09:53:27.030106,2024-07-11 09:53:27.030108
何処園　オージ,og_dokozono,True,https://i.pximg.net/user-profile/img/2017/12/22/23/39/08/13591553_15d34dce48697c0a4089cfd9cf94e1ef_170.jpg,2558075,2024-07-11 09:53:27.419935,2024-07-11 09:53:27.419937
,,,,2901521,2024-07-11 09:53:27.365311,2024-07-11 09:53:27.796337
こあら,koarapan,True,https://i.pximg.net/user-profile/img/2016/04/26/18/31/40/10853067_ffdf9a219f43e1f85ebf5587406d7b88_170.jpg,2934689,2024-07-11 09:53:27.063308,2024-07-11 09:53:27.063310
BXM,bxmbxm,True,https://i.pximg.net/user-profile/img/2022/03/27/11/46/06/22451076_9a59d297b1f5b0aab7addceeb7314b6b_170.png,2980613,2024-07-11 09:53:27.952662,2024-07-11 09:53:27.952664
牡丹M,botan_emu,True,https://i.pximg.net/user-profile/img/2020/06/17/22/05/54/18841866_c8b2841f2de2af44a3c7f2a0bc99d26c_170.jpg,3077232,2024-07-11 09:53:27.191150,2024-07-11 09:53:27.191152
hazy-lotte,hazy-lotte,True,https://i.pximg.net/user-profile/img/2019/03/29/20/00/43/15582951_ae99e9808f96f4845c132b9279b22292_170.png,3088649,2024-07-11 09:53:27.941780,2024-07-11 09:53:27.941782
高井戸工場@ピクルス担当,guchimasa,True,https://i.pximg.net/user-profile/img/2018/04/08/23/42/30/14071148_1debb02767d17e6b10e92c29b180d282_170.jpg,3236965,2024-07-11 09:53:27.392081,2024-07-11 09:53:27.392083
,,,,3244400,2024-07-11 09:53:26.989876,2024-07-11 09:53:27.911480
CMH,cmh2megane,True,https://i.pximg.net/user-profile/img/2011/09/17/19/14/55/3623777_561754d68c1118be96289f312e4deb6f_170.png,3360166,2024-07-11 09:53:26.992651,2024-07-11 09:53:26.992653
zai,zazaizazai,True,https://i.pximg.net/user-profile/img/2020/02/19/21/37/07/17953706_89c4c6041305fe3c1119bab1e67d3273_170.png,3472712,2024-07-11 09:53:27.122028,2024-07-11 09:53:27.924718
植物,attoplant,True,,3578276,2024-07-11 09:53:27.481410,2024-07-11 09:53:27.481412
プルーと  Pluto,jbe00071,True,https://i.pximg.net/user-profile/img/2013/01/31/23/57/15/5761320_18e4b72fbb844e8df9072b8d9dff341d_170.gif,3732274,2024-07-11 09:53:27.478744,2024-07-11 09:53:27.478749
ダイキ,illnino0619,True,https://i.pximg.net/user-profile/img/2024/05/22/23/47/46/25910942_140e09b3413988c0b37c44f92cb66367_170.jpg,3785362,2024-07-11 09:53:27.487573,2024-07-11 09:53:27.487574
魂,mioist0115,True,https://i.pximg.net/user-profile/img/2024/06/04/15/08/37/25958013_88780819e71700194b189eb92937c4a7_170.jpg,3869291,2024-07-11 09:53:27.257137,2024-07-11 09:53:27.257140
Nene,nenekoikatu,True,https://i.pximg.net/user-profile/img/2024/06/02/13/52/32/25949990_f8a94682eb60a6f918c79155929e6b47_170.png,4464078,2024-07-11 09:53:27.713832,2024-07-11 09:53:27.713834
machina-writer,era-irregularbox,True,https://i.pximg.net/user-profile/img/2024/05/31/01/16/55/25940849_41777121385810c0feea5cb86e50a49a_170.jpg,4482172,2024-07-11 09:53:27.326504,2024-07-11 09:53:27.326505
モンチー,10220329,True,,4757614,2024-07-11 09:53:27.502056,2024-07-11 09:53:27.502058
amavel love it,cat_fight_girl,True,https://i.pximg.net/user-profile/img/2018/10/06/00/28/48/14862668_b3dcbd474cb2f8bb22b268284d5247c6_170.jpg,4929317,2024-07-11 09:53:27.202963,2024-07-11 09:53:27.202965
triple46,everlast1997,True,https://i.pximg.net/user-profile/img/2023/06/21/14/09/08/24572617_d291dc7be6df7006910c670e30fbb068_170.png,5062331,2024-07-11 09:53:27.557598,2024-07-11 09:53:27.557600
,,,,5264687,2024-07-11 09:53:27.070261,2024-07-11 09:53:27.921399
ＵＧ,ug16,True,https://i.pximg.net/user-profile/img/2013/12/21/05/18/13/7196017_1a7254a64cf1cdcf402d5c44a24b36fb_170.png,5397444,2024-07-11 09:53:27.144062,2024-07-11 09:53:27.959003
ICing,ranger16,True,https://i.pximg.net/user-profile/img/2021/12/17/00/28/42/21898860_b6423b16c67cc3887289ee16a5139c75_170.png,5593772,2024-07-11 09:53:27.913416,2024-07-11 09:53:27.913418
学園都市ミルフ,r20r40,True,https://i.pximg.net/user-profile/img/2021/05/30/07/07/22/20787642_fc57f6fb134b97a829aa5b7dbc15d903_170.png,5810037,2024-07-11 09:53:27.560560,2024-07-11 09:53:27.560563
msk@お仕事募集,mskskebe,True,https://i.pximg.net/user-profile/img/2023/06/23/20/26/08/24581312_497298128f36c0034aadc2f9270e0089_170.jpg,6055907,2024-07-11 09:53:27.417252,2024-07-11 09:53:27.417254
三六一八,raidy1982,True,https://i.pximg.net/user-profile/img/2021/03/18/21/31/39/20378900_9d120d14a37ed8fdc9e3f622f44178f7_170.png,6114609,2024-07-11 09:53:27.388276,2024-07-11 09:53:27.388278
ArsonicHawt,arthurwilson,True,https://i.pximg.net/user-profile/img/2021/07/07/00/56/23/20994707_e525c381ffc38a795e2f3a1586dc1ad7_170.jpg,6363154,2024-07-11 09:53:27.459087,2024-07-11 09:53:27.459090
椎原殿,kdd2,True,https://i.pximg.net/user-profile/img/2017/11/09/22/35/58/13437631_cad203e7f6957b66faa78f898367d06f_170.png,6694972,2024-07-11 09:53:27.870373,2024-07-11 09:53:27.877273
KACKEY,kaki_o7o7,True,https://i.pximg.net/user-profile/img/2019/12/08/13/16/14/16657141_bf94084f5b9f1b69c9155a8250edb36f_170.png,7061972,2024-07-11 09:53:27.133891,2024-07-11 09:53:27.133895
,,,,7329344,2024-07-11 09:53:27.359542,2024-07-11 09:53:27.359544
zuizhixue,1171652036,True,https://i.pximg.net/user-profile/img/2024/01/14/18/09/15/25393098_adf541d2607786015e7b5b43f272f008_170.png,7372005,2024-07-11 09:53:27.107459,2024-07-11 09:53:27.629476
AP5,yellowsox3,True,https://i.pximg.net/user-profile/img/2016/12/03/01/58/34/11823266_3dd73162a5ecf490ddfc5de62609e3f1_170.png,7632081,2024-07-11 09:53:27.580974,2024-07-11 09:53:27.580975
トシにー,toshini_san,True,https://i.pximg.net/user-profile/img/2022/06/15/15/35/30/22881643_d81444dc00e55ff7c9857bd973604d7e_170.png,8447244,2024-07-11 09:53:27.031945,2024-07-11 09:53:27.031946
jelly shrimp,jellyshrimp,True,https://i.pximg.net/user-profile/img/2023/04/25/05/30/32/24338641_276bbcefb0ba3802af208c838be3762d_170.jpg,8599670,2024-07-11 09:53:27.081688,2024-07-11 09:53:27.081690
ぼまいえ,girlwres,True,https://i.pximg.net/user-profile/img/2016/07/12/23/31/16/11191404_53a427292562b5f7af1e77a3c2a2b907_170.jpg,9228204,2024-07-11 09:53:27.329127,2024-07-11 09:53:27.329129
屈原神無,mikouken,False,https://i.pximg.net/user-profile/img/2016/10/23/21/32/21/11659252_71fc24b250d22dfcef9c35bfe8192742_170.jpg,9404723,2024-07-11 09:53:27.522897,2024-07-11 09:53:27.522898
HEAT-WORLD,heatworld,True,https://i.pximg.net/user-profile/img/2017/01/07/20/09/18/11974834_9bfd124d35dfc795ccebb584c5daecc1_170.png,9534584,2024-07-11 09:53:27.263534,2024-07-11 09:53:27.263536
D,laladel,True,https://i.pximg.net/user-profile/img/2020/12/14/00/33/07/19827549_e1e105c89d7c8cb4d2470ca66475ce01_170.png,9634268,2024-07-11 09:53:27.229956,2024-07-11 09:53:27.229959
ステラ,annabellvv,True,https://i.pximg.net/user-profile/img/2021/06/18/16/29/39/20894047_bcc419b0fa02638b35a285029b920a9f_170.jpg,9896009,2024-07-11 09:53:27.868110,2024-07-11 09:53:27.868113
,,,,11090433,2024-07-11 09:53:27.575678,2024-07-11 09:53:27.575680
サインこす,sincostan0231,True,https://i.pximg.net/user-profile/img/2016/08/26/17/03/48/11410009_45e757251bea8da97b96003726202884_170.png,11229342,2024-07-11 09:53:27.104051,2024-07-11 09:53:27.104053
HoliDay@FANBOX,flyhale,True,https://i.pximg.net/user-profile/img/2023/05/12/21/10/03/24412594_9a16c2086c8ed120be1e370ab560a097_170.png,11304186,2024-07-11 09:53:27.398667,2024-07-11 09:53:27.398668
らいるん,rairun8106,True,https://i.pximg.net/user-profile/img/2021/10/10/21/48/19/21554583_f67a44659a44b761f55101ea3c156cf2_170.jpg,11901545,2024-07-11 09:53:26.983765,2024-07-11 09:53:26.983767
,,,,11993170,2024-07-11 09:53:27.841754,2024-07-11 09:53:27.841756
csv,xyzqwop,True,,12101963,2024-07-11 09:53:27.227904,2024-07-11 09:53:27.227906
aty0157,aty015733,True,https://i.pximg.net/user-profile/img/2021/01/25/07/25/55/20065674_732c0cb56bf0f777d2af3178ad82fb61_170.png,12191153,2024-07-11 09:53:27.324645,2024-07-11 09:53:27.324647
フラクト,nymphe1025,True,https://i.pximg.net/user-profile/img/2023/05/20/22/49/19/24445103_5d2a81a5b9262145a16c361cf6d1b64a_170.jpg,12248697,2024-07-11 09:53:27.452810,2024-07-11 09:53:27.452813
8mg（ハチミリグラム）,tayoshi_freedam,True,https://i.pximg.net/user-profile/img/2016/06/02/15/20/20/11010180_c0269488250f0ed8121e19e5f3bf4df8_170.png,12404427,2024-07-11 09:53:26.967165,2024-07-11 09:53:26.967168
ひのま,chanmiya005,True,https://i.pximg.net/user-profile/img/2022/01/18/22/24/53/22072877_00b761c69a3574767028998553fece07_170.png,12737327,2024-07-11 09:53:26.998383,2024-07-11 09:53:26.998385
クロン,kuronicle0920,True,https://i.pximg.net/user-profile/img/2023/10/14/17/53/06/25047057_70a4680040120b5a6fbdacad1e4d13b0_170.jpg,12812058,2024-07-11 09:53:27.000304,2024-07-11 09:53:27.000305
ヤリヨ,1919omega,True,https://i.pximg.net/user-profile/img/2014/12/24/01/50/18/8754158_1692059126d0e4c559743d1f528cb15d_170.jpg,13137437,2024-07-11 09:53:26.969416,2024-07-11 09:53:26.969418
,,,,13660511,2024-07-11 09:53:27.645202,2024-07-11 09:53:27.645204
ロロン太,k_on-yui-1127,True,,13727777,2024-07-11 09:53:27.439577,2024-07-11 09:53:27.439579
jojoba,62911041sus,True,https://i.pximg.net/user-profile/img/2021/04/20/02/06/07/20562575_dd2c2a51bdb4831f69c841363f173103_170.jpg,13970458,2024-07-11 09:53:27.117034,2024-07-11 09:53:27.117036
北澤 産業＠DL同人作家,kitazawa1823,True,https://i.pximg.net/user-profile/img/2022/11/01/20/35/37/23543399_6afbefe4de2b668e8bd6515e05601de2_170.png,14644741,2024-07-11 09:53:27.170064,2024-07-11 09:53:27.170067
はる,kayamahar,True,https://i.pximg.net/user-profile/img/2021/12/07/16/28/36/21852880_0d8786fec318b53b88297478e5fbba26_170.png,15827989,2024-07-11 09:53:27.068256,2024-07-11 09:53:27.068258
ムラオサム,muraosamu4851,True,https://i.pximg.net/user-profile/img/2016/05/10/17/07/00/10915841_b2a6a784b18cfce7fb3236857526f2e8_170.jpg,16391870,2024-07-11 09:53:27.096658,2024-07-11 09:53:27.096660
TP＠有料リクエスト,atamaokasio,True,https://i.pximg.net/user-profile/img/2022/05/28/01/22/48/22788026_38acc8c2cb93145815e747a7bbc97c09_170.png,16535782,2024-07-11 09:53:27.126604,2024-07-11 09:53:27.126606
真白しらこ,calm_mashiro,True,https://i.pximg.net/user-profile/img/2022/05/03/00/25/00/22645204_4aacc284bf6bd386ce4182d68574b1a2_170.jpg,16541647,2024-07-11 09:53:27.475521,2024-07-11 09:53:27.475523
BEBE,bebetan081,True,https://i.pximg.net/user-profile/img/2018/08/27/04/50/52/14695797_ba250c9ffb697a013728304cc1cea9f8_170.jpg,16992025,2024-07-11 09:53:26.985775,2024-07-11 09:53:26.985777
5式,yomoyama_type5,True,https://i.pximg.net/user-profile/img/2021/03/18/23/13/43/20379516_2db0e01667c8d19e56d5dd7beef5b2e5_170.jpg,17379151,2024-07-11 09:53:27.520187,2024-07-11 09:53:27.520189
クマザサ,pandasubmission,True,https://i.pximg.net/user-profile/img/2016/05/05/22/24/23/10893874_ee4327135a7a638ad157353fdf17904e_170.png,17666603,2024-07-11 09:53:27.550037,2024-07-11 09:53:27.550039
にぼ煮干,niboshi88,True,https://i.pximg.net/user-profile/img/2016/04/05/20/50/19/10768073_f339892f03be19c3739793f8c7bde206_170.jpg,17772361,2024-07-11 09:53:27.683883,2024-07-11 09:53:27.683885
豆豆,362928332,True,https://i.pximg.net/user-profile/img/2023/11/15/23/48/45/25168296_2587401d5c388759a2eb0a13f2ca5bde_170.png,18101977,2024-07-11 09:53:27.119118,2024-07-11 09:53:27.119120
布洛妮娅的master,showming,True,https://i.pximg.net/user-profile/img/2023/02/26/23/11/30/24084970_73d4490bbf3e3aad2f8fea7c95ad3d83_170.png,18269121,2024-07-11 09:53:27.344554,2024-07-11 09:53:27.344555
長田秋葉,nagataakiha,True,https://i.pximg.net/user-profile/img/2024/01/14/00/52/39/25390267_4b44782c7c6745e52bbf7d87371b05a8_170.jpg,19221783,2024-07-11 09:53:27.051521,2024-07-11 09:53:27.051523
ぽりうれたん,noinoise,False,https://i.pximg.net/user-profile/img/2017/10/17/01/44/21/13351425_5e525f93a2bdcdf383423e3a2df3da3d_170.jpg,19417472,2024-07-11 09:53:27.060442,2024-07-11 09:53:27.060444
ばいおーぶ,vaioomaru,True,https://i.pximg.net/user-profile/img/2016/08/08/01/23/59/11313416_ae030602df235b3435e72daef78acbcf_170.jpg,19581390,2024-07-11 09:53:27.744811,2024-07-11 09:53:27.744813
roymasitangu,roymasitangu,True,https://i.pximg.net/user-profile/img/2020/05/24/19/20/23/18694853_9d443a1c5772f11b60e528ba888e6c4b_170.jpg,19639507,2024-07-11 09:53:27.463793,2024-07-11 09:53:27.463795
,,,,20566667,2024-07-11 09:53:27.980703,2024-07-11 09:53:27.984607
Snow,piaoxueqianye,True,https://i.pximg.net/user-profile/img/2017/08/21/13/08/04/13079376_8d2cd83da9d9f4f7dc6a69e6476e8f2e_170.jpg,20909018,2024-07-11 09:53:27.891783,2024-07-11 09:53:27.891785
アメ,komrad,True,https://i.pximg.net/user-profile/img/2021/03/13/19/14/43/20350253_eb901719e1306811f75924aa30030cb8_170.jpg,21252755,2024-07-11 09:53:27.720693,2024-07-11 09:53:27.720695
28adg,user_mrnu4242,True,,22344599,2024-07-11 09:53:27.065528,2024-07-11 09:53:27.065530
しつー /Stew,user_csvj8884,False,https://i.pximg.net/user-profile/img/2020/12/12/02/38/13/19816222_e08572e4c97c637667a55c6ed080ba7d_170.jpg,22533685,2024-07-11 09:53:27.860364,2024-07-11 09:53:27.860366
にくみそ,user_kedh4424,True,https://i.pximg.net/user-profile/img/2023/04/05/00/08/36/24250219_c432f90b2013d280259e7f14601c11b8_170.png,23320356,2024-07-11 09:53:27.508946,2024-07-11 09:53:27.508947
ヌクヌク,user_dape2424,True,https://i.pximg.net/user-profile/img/2023/02/05/01/08/56/23985160_49b9dd19f605cb66819e368cfd54a351_170.png,23410076,2024-07-11 09:53:27.750454,2024-07-11 09:53:27.750457
pjm,user_xxet2833,True,https://i.pximg.net/user-profile/img/2023/03/13/09/17/23/24146340_7989757ed68b5ff2d7ca5710bb9bb062_170.png,23696435,2024-07-11 09:53:27.465762,2024-07-11 09:53:27.465764
鈴宮蘭,suzumiya_ran,True,https://i.pximg.net/user-profile/img/2024/06/13/00/17/58/25989731_0e97a488e787a6bc06edad9acfe4c2ac_170.jpg,24558599,2024-07-11 09:53:27.543847,2024-07-11 09:53:27.543849
,,,,24811937,2024-07-11 09:53:27.253673,2024-07-11 09:53:27.814938
三角すい@健全なアマレス好き,user_evdk5885,True,https://i.pximg.net/user-profile/img/2019/12/06/17/22/33/16647263_a9ef8bec8e2d3986d5eb8a30bc7fb195_170.png,25057263,2024-07-11 09:53:27.272364,2024-07-11 09:53:27.272366
A Bin,user_xvmy5332,True,https://i.pximg.net/user-profile/img/2017/07/31/17/26/21/12954639_b18deb14a7df77555e6d14137879558f_170.jpg,26558295,2024-07-11 09:53:27.456728,2024-07-11 09:53:27.456730
ago,user_dzka3372,True,https://i.pximg.net/user-profile/img/2021/03/06/08/35/00/20308942_c7d70047fc33ad70ee67156a8ee93fbd_170.png,26791898,2024-07-11 09:53:27.102048,2024-07-11 09:53:27.102049
そこかつ,user_erjd8275,True,https://i.pximg.net/user-profile/img/2019/05/26/23/48/50/15817370_dced1e3adf2deead0cd611600f4ee43b_170.png,27050950,2024-07-11 09:53:27.421951,2024-07-11 09:53:27.421953
K.png,user_xygc2475,True,https://i.pximg.net/user-profile/img/2017/10/08/18/27/26/13319502_58f375f96b6851f052d0f2683813493f_170.jpg,27882790,2024-07-11 09:53:27.243085,2024-07-11 09:53:27.243088
Kitkat,user_phjf8744,True,https://i.pximg.net/user-profile/img/2024/06/18/09/36/45/26010201_ff53e12497f3236730bd4d62c05c8db8_170.jpg,27993812,2024-07-11 09:53:27.787956,2024-07-11 09:53:27.787958
池谷と実家の猫,user_hzfz2537,True,,28066423,2024-07-11 09:53:27.165303,2024-07-11 09:53:27.165306
はなぶさ,user_xztr3448,True,https://i.pximg.net/user-profile/img/2024/06/13/22/49/11/25993085_739b5e5ddd4f74acebb35d4ecbddfa17_170.png,28207904,2024-07-11 09:53:27.135874,2024-07-11 09:53:27.135876
J.A.L（じぇいえいえる）,user_namj3753,True,https://i.pximg.net/user-profile/img/2017/10/28/10/37/22/13390480_21c7bc3861c6332e63de7af1a0654b7e_170.png,28298432,2024-07-11 09:53:27.601110,2024-07-11 09:53:27.601113
超高校級の絶望,alex__mercer,True,https://i.pximg.net/user-profile/img/2023/12/11/01/15/34/25259123_745fb5c48c3a36f6c7ef29e2c5549149_170.png,29002152,2024-07-11 09:53:27.094531,2024-07-11 09:53:27.094533
まよふん,mayohun,True,https://i.pximg.net/user-profile/img/2024/07/04/15/03/12/26071150_ba4ef04ca72825b99c6451646afe16fe_170.jpg,29088547,2024-07-11 09:53:27.382892,2024-07-11 09:53:27.382894
ノルウェーの林,user_geph3883,True,https://i.pximg.net/user-profile/img/2018/04/23/01/48/19/14129937_bec51fa8e6b346aa044c9b9e85710322_170.jpg,29176604,2024-07-11 09:53:27.405634,2024-07-11 09:53:27.405636
ぷれたま,user_psds2247,True,https://i.pximg.net/user-profile/img/2021/01/26/17/41/33/20073726_765522dec436299452596d444c150e1d_170.png,29239905,2024-07-11 09:53:27.092503,2024-07-11 09:53:27.740260
ズリリアン@FANBOX,user_unsc7332,True,https://i.pximg.net/user-profile/img/2021/01/01/12/38/01/19921447_a93c82e9a1f5c95fe62389f0deeb74ff_170.jpg,30707008,2024-07-11 09:53:27.297244,2024-07-11 09:53:27.297246
mochi,motimoti0505,True,https://i.pximg.net/user-profile/img/2022/09/25/05/52/39/23378303_ebb97d51d8c9b577045b515ff33b96d4_170.jpg,31285871,2024-07-11 09:53:26.996479,2024-07-11 09:53:26.996480
えろいむらラボ,user_jyju8744,True,https://i.pximg.net/user-profile/img/2022/01/04/18/54/19/21995937_209d8d91abf9bd5ff3893ec124e7f314_170.png,32088577,2024-07-11 09:53:27.603401,2024-07-11 09:53:27.603403
よたか,user_suaf5582,True,https://i.pximg.net/user-profile/img/2018/06/23/14/03/26/14394441_c0e8828a4738ed0071f7e2340c14bf73_170.jpg,32463011,2024-07-11 09:53:27.583277,2024-07-11 09:53:27.583279
むりぽよ,kurupetiino,False,https://i.pximg.net/user-profile/img/2022/10/17/22/05/36/23477726_4d1529c5992e035c70ddd40da2ce4fed_170.png,32605652,2024-07-11 09:53:26.975560,2024-07-11 09:53:26.975562
とみー,user_rpxw4543,True,https://i.pximg.net/user-profile/img/2018/08/17/23/55/03/14650026_21673d6ca2f24152b6f4acaaae2a8e0d_170.png,33751347,2024-07-11 09:53:27.412540,2024-07-11 09:53:27.412542
Moderationdev,user_vzpk2223,True,https://i.pximg.net/user-profile/img/2020/01/13/10/49/08/16845783_9a06cef157fa2fc56674f552093ba60b_170.png,34230074,2024-07-11 09:53:27.347326,2024-07-11 09:53:27.347328
ShiroDrop,user_psam8432,True,https://i.pximg.net/user-profile/img/2023/08/26/19/11/18/24861917_6264e874531c0e175e53cfc0dacdb4cd_170.png,34433258,2024-07-11 09:53:27.390222,2024-07-11 09:53:27.390224
Aroo,user_dgdx8358,True,https://i.pximg.net/user-profile/img/2024/03/21/14/50/40/25666761_8b37f490babb3c7a409b03b8633430ae_170.jpg,34462345,2024-07-11 09:53:27.375045,2024-07-11 09:53:27.375047
アネシロ　毎日作業配信中,aneshiro,True,https://i.pximg.net/user-profile/img/2023/05/18/17/44/55/24436120_675d3432899c94190466650dcbf810fc_170.jpg,34881066,2024-07-11 09:53:27.112870,2024-07-11 09:53:27.112872
Jouacatfight,user_fgke7323,True,https://i.pximg.net/user-profile/img/2024/05/10/17/01/52/25864493_6f96a87259749f62f7cc7024620ada69_170.png,34882898,2024-07-11 09:53:27.058125,2024-07-11 09:53:27.058127
末定,suesada_namaemitei,True,https://i.pximg.net/user-profile/img/2020/01/10/02/37/21/16830163_eb8a1d0a5cd38f40e07ab3b44555973f_170.png,35813130,2024-07-11 09:53:27.493301,2024-07-11 09:53:27.493303
ヒメル,himelha,True,https://i.pximg.net/user-profile/img/2023/09/18/10/29/50/24949988_2588634bd8147216af2224ccd3077d62_170.jpg,35957736,2024-07-11 09:53:27.313895,2024-07-11 09:53:27.313897
下向じぇしか,jessica_shita,True,https://i.pximg.net/user-profile/img/2023/01/03/16/58/14/23829185_62f39120fb82fbe3787eb82309183974_170.jpg,36408863,2024-07-11 09:53:27.172198,2024-07-11 09:53:27.172200
atotama,user_xevk3338,True,https://i.pximg.net/user-profile/img/2020/04/08/16/53/12/18287349_b3742778dbb99242900b31ecf5b8ba3a_170.jpg,38859316,2024-07-11 09:53:27.341742,2024-07-11 09:53:27.341744
あおたか,battlefucker,True,https://i.pximg.net/user-profile/img/2022/10/01/12/41/25/23403561_1579241c665b89f67f4684ddc8b44a95_170.jpg,39436897,2024-07-11 09:53:27.853566,2024-07-11 09:53:27.853568
ギギギオン@リクエスト募集中,satori0926,True,https://i.pximg.net/user-profile/img/2022/05/26/00/18/39/22777826_d77078d320d963a5cdfbb228c50e73bf_170.jpg,39447699,2024-07-11 09:53:27.497320,2024-07-11 09:53:27.497322
goose-R,user_ycft7253,True,https://i.pximg.net/user-profile/img/2019/07/14/23/58/59/16007378_b9d49346ed3de4995312f889b8589679_170.jpg,41044374,2024-07-11 09:53:27.662633,2024-07-11 09:53:27.662635
ろばなご,rovanago,True,https://i.pximg.net/user-profile/img/2022/12/14/22/30/14/23740137_2a42fda6022235756812df11e65fdce9_170.jpg,41874427,2024-07-11 09:53:27.225757,2024-07-11 09:53:27.225760
カキピー,user_wsea5248,True,https://i.pximg.net/user-profile/img/2024/02/24/23/36/24/25562626_a84b42ca3f2b79831ad404df1a52631d_170.png,43158225,2024-07-11 09:53:27.045656,2024-07-11 09:53:27.045658
,,,,43787735,2024-07-11 09:53:27.028056,2024-07-11 09:53:27.782367
,,,,44190239,2024-07-11 09:53:27.124730,2024-07-11 09:53:27.799672
デブリ,user_prrc2783,True,https://i.pximg.net/user-profile/img/2024/01/15/23/22/59/25398094_4e5116f920952b2f381bf1ed759919a2_170.jpg,44328543,2024-07-11 09:53:27.010386,2024-07-11 09:53:27.010388
結乃Y,yuino_y,True,https://i.pximg.net/user-profile/img/2022/04/24/22/39/52/22602136_60b9f1a988d1636a52e0ce72f0aab2e2_170.png,44401784,2024-07-11 09:53:27.317415,2024-07-11 09:53:27.317417
ミズノ,user_svet2858,True,https://i.pximg.net/user-profile/img/2019/10/14/04/11/00/16411918_77af12ba05093a7d06ded4b0fcfab41f_170.jpg,44575424,2024-07-11 09:53:27.174149,2024-07-11 09:53:27.174151
レイヤ,user_pvys7234,True,https://i.pximg.net/user-profile/img/2023/08/04/21/34/20/24765330_7500461dd4f5b19d770024e2f9542859_170.jpg,45361471,2024-07-11 09:53:27.428992,2024-07-11 09:53:27.428994
みのみに,user_nhns5523,True,https://i.pximg.net/user-profile/img/2021/04/16/03/13/19/20540127_fd07ca1b0398378bff113fb47720f309_170.jpg,45666050,2024-07-11 09:53:27.806288,2024-07-11 09:53:27.806290
KKno,user_gsmd4325,True,https://i.pximg.net/user-profile/img/2023/10/10/20/19/07/25033453_be5c7219ef2d61e93dd5eb79316a6921_170.jpg,46628982,2024-07-11 09:53:27.099297,2024-07-11 09:53:27.099299
Rigby,user_rukv7722,True,https://i.pximg.net/user-profile/img/2021/01/02/18/22/59/19930316_735ebc51774d48814817834ff58b291a_170.jpg,46712969,2024-07-11 09:53:27.209305,2024-07-11 09:53:27.209307
スプリガン,user_zfjx8522,True,,49295230,2024-07-11 09:53:27.076676,2024-07-11 09:53:27.076677
ろず,roz_me959,False,https://i.pximg.net/user-profile/img/2021/11/18/22/10/42/21759519_8a91291dc69c674103106112f24b22b0_170.jpg,49918887,2024-07-11 09:53:27.525542,2024-07-11 09:53:27.525544
​dex-3,sorawindy,True,https://i.pximg.net/user-profile/img/2024/07/03/09/02/08/26066944_e7c9715fb70cc3599b9952053c10e1db_170.png,50033895,2024-07-11 09:53:27.162141,2024-07-11 09:53:27.162145
OrionStar,user_vrkg8437,True,https://i.pximg.net/user-profile/img/2021/09/25/00/03/48/21469583_abae237d5b9076fcb8fdfc6a81d1b952_170.png,50792559,2024-07-11 09:53:27.505119,2024-07-11 09:53:27.505121
ムジーナ,user_hekp5432,True,https://i.pximg.net/user-profile/img/2021/03/28/12/03/02/20433142_dd10d03b52b847bf54fdcf7cd2b8eec4_170.png,50847379,2024-07-11 09:53:27.355176,2024-07-11 09:53:27.355178
8suke,user_tuez8785,True,https://i.pximg.net/user-profile/img/2022/11/02/20/30/37/23547671_4bee151c43a1753731464999252911bc_170.png,53513488,2024-07-11 09:53:27.541695,2024-07-11 09:53:27.541697
,,,,54433337,2024-07-11 09:53:27.014979,2024-07-11 09:53:27.637960
〆鯖アル天,cm3d2_savaalten,True,https://i.pximg.net/user-profile/img/2024/01/10/17/15/11/25377403_7452d242bffca2f2852b58bfe02061f1_170.png,59040176,2024-07-11 09:53:27.146175,2024-07-11 09:53:27.146177
おりんぜ,user_hamh3324,True,https://i.pximg.net/user-profile/img/2021/10/21/17/08/20/21614199_4b1fe57c941b20623557b31dff61db8e_170.png,59575784,2024-07-11 09:53:27.024110,2024-07-11 09:53:27.024112
グロウクローバー,user_pute3734,True,https://i.pximg.net/user-profile/img/2022/02/14/22/33/49/22228754_fad5d9d465e3f788c7ba88749ea60fc0_170.png,60739464,2024-07-11 09:53:27.294413,2024-07-11 09:53:27.294415
,,,,61244674,2024-07-11 09:53:27.196530,2024-07-11 09:53:27.196532
SM！TH,user_sgcs5325,True,https://i.pximg.net/user-profile/img/2021/01/07/00/07/03/19958377_22754cd95069f289e28e5ec227668556_170.png,63583690,2024-07-11 09:53:27.110739,2024-07-11 09:53:27.110741
小箱みみず@創作R18中心,cobacomimiz33,True,https://i.pximg.net/user-profile/img/2021/02/03/23/40/22/20124281_927617f841e8217e9170e119fe1e96ed_170.png,64863918,2024-07-11 09:53:27.507054,2024-07-11 09:53:27.507056
モロヘイヤ,user_dhjk8444,True,https://i.pximg.net/user-profile/img/2021/02/24/11/29/59/20251933_f876d532b70bd079d9875ede1c3213e7_170.png,65730992,2024-07-11 09:53:27.361530,2024-07-11 09:53:27.361532
Draalenrad,user_njga4422,True,https://i.pximg.net/user-profile/img/2022/05/18/13/57/25/22730005_7646e9a49edc84ad93db3a1b5ce56a81_170.png,67052596,2024-07-11 09:53:27.115004,2024-07-11 09:53:27.115005
リンゲン,ringen134,False,https://i.pximg.net/user-profile/img/2021/04/04/11/33/17/20474280_58acf1d986aa9eab548e66af53d6364c_170.png,67090657,2024-07-11 09:53:27.829708,2024-07-11 09:53:27.829711
ワハン,user_ewxg8825,True,https://i.pximg.net/user-profile/img/2024/02/14/13/57/37/25516569_e7a830a81f91c43a65460fb68713d739_170.png,67872370,2024-07-11 09:53:27.047494,2024-07-11 09:53:27.047496
ゆーゆ,user_ftdk2382,True,https://i.pximg.net/user-profile/img/2023/10/12/23/16/07/25041098_fd4b8c1d075544e9e292073c27649a02_170.png,68822064,2024-07-11 09:53:27.002395,2024-07-11 09:53:27.002397
がく,gax_11,True,https://i.pximg.net/user-profile/img/2024/01/03/23/12/01/25348775_4d888408344513d4e69a429fca442c14_170.jpg,69370594,2024-07-11 09:53:27.026128,2024-07-11 09:53:27.026130
よるたけ,user_egat7577,True,https://i.pximg.net/user-profile/img/2022/04/13/00/58/08/22541897_84710dad7e247d8604b4f718841c7e91_170.png,70404654,2024-07-11 09:53:27.039739,2024-07-11 09:53:27.039741
藤鉄はるよ@7/10同人配信,user_navr8488,True,https://i.pximg.net/user-profile/img/2021/10/28/17/00/13/21648582_7224e1646148ead977e145b188a1a283_170.jpg,71363923,2024-07-11 09:53:26.963716,2024-07-11 09:53:26.963720
ヒッタイト,user_vegg5482,True,https://i.pximg.net/user-profile/img/2022/01/31/11/43/59/22142246_b7a523883e274549a51831e1bef987f0_170.png,72868438,2024-07-11 09:53:27.035971,2024-07-11 09:53:27.035973
赤参に赤ワイン,user_tkkf7532,True,https://i.pximg.net/user-profile/img/2022/09/25/14/06/28/23379516_6824df7decf38474439218247caaa64e_170.jpg,73882506,2024-07-11 09:53:27.074656,2024-07-11 09:53:27.074658
子イカ,user_pcrx8524,True,,74194215,2024-07-11 09:53:27.277627,2024-07-11 09:53:27.277628
尻追,user_rauc5838,True,https://i.pximg.net/user-profile/img/2024/07/08/21/46/17/26087391_025f86bc3a5d14f357c1cea6f79c7e75_170.jpg,75866586,2024-07-11 09:53:27.261386,2024-07-11 09:53:27.770808
Thatonenep2860,user_hpkm7844,True,https://i.pximg.net/user-profile/img/2022/10/20/05/34/29/23487829_37b4940489b6cdfd97ff8ae1f48845fc_170.png,77167954,2024-07-11 09:53:27.454887,2024-07-11 09:53:27.454890
天才向日葵,user_rwfm5223,True,https://i.pximg.net/user-profile/img/2023/10/16/15/56/58/25054920_0f21e423e8ea30926d5258d71745bb82_170.jpg,78961606,2024-07-11 09:53:27.150960,2024-07-11 09:53:27.150962
ぬか床,82198_nuka,True,https://i.pximg.net/user-profile/img/2022/12/17/11/02/43/23749620_fe6df9663390f0319a75e51538a027b0_170.png,80662943,2024-07-11 09:53:27.013086,2024-07-11 09:53:27.013088
なむさん,user_hsfe5458,True,https://i.pximg.net/user-profile/img/2022/07/10/00/09/40/22999909_956ed7c7ab7942214a5129fd3930396e_170.png,83623356,2024-07-11 09:53:27.333083,2024-07-11 09:53:27.590177
地球人,user_rkgx8548,True,https://i.pximg.net/user-profile/img/2024/02/09/07/29/32/25494287_20e09ddc34f2e67054cb932c91549805_170.jpg,83756174,2024-07-11 09:53:27.006243,2024-07-11 09:53:27.006245
ねいぶる,user_csar5757,True,https://i.pximg.net/user-profile/img/2023/02/18/01/27/08/24044166_02e8486316a4868a0d532eb4fd44f921_170.jpg,83814323,2024-07-11 09:53:27.269472,2024-07-11 09:53:27.269474
Iarebon,user_texh5728,False,https://i.pximg.net/user-profile/img/2022/10/09/11/56/25/23438262_63e6e137f57b5efad23ac41101a8a709_170.jpg,86886294,2024-07-11 09:53:27.696495,2024-07-11 09:53:27.696497
N0T_WIFY,user_scex5787,True,https://i.pximg.net/user-profile/img/2023/06/12/12/24/00/24536613_e63c4334e88e68738ee03f182efed0bf_170.png,87494676,2024-07-11 09:53:27.307578,2024-07-11 09:53:27.307580
八々桐,habakiri44,True,https://i.pximg.net/user-profile/img/2023/01/12/04/07/29/23873208_bbfc4e45b82d673274e63b3f95938b51_170.png,87970896,2024-07-11 09:53:27.515322,2024-07-11 09:53:27.515323
HotNCuteBoxing,user_ekcn2428,True,https://i.pximg.net/user-profile/img/2024/04/23/06/13/20/25798128_e442efd9c84ac6daae8bbca75fd09535_170.png,89219737,2024-07-11 09:53:27.528319,2024-07-11 09:53:27.528321
小鳥遊,user_ndmd5774,True,https://i.pximg.net/user-profile/img/2023/03/12/15/58/58/24142774_027d6da3ab7915fcdf1df18704aaf089_170.png,89761072,2024-07-11 09:53:27.238832,2024-07-11 09:53:27.238835
nikku@リクエスト消化中,user_avwc5583,True,https://i.pximg.net/user-profile/img/2023/02/01/22/09/43/23966897_ef237066b72c44bc08a39e855b455d54_170.png,90689532,2024-07-11 09:53:27.409893,2024-07-11 09:53:27.409895
柊ハニカ,user_ekaa3852,False,https://i.pximg.net/user-profile/img/2023/04/20/17/13/39/24318580_651281a3376ec5b91527e262dfe3b60a_170.jpg,91705072,2024-07-11 09:53:27.414553,2024-07-11 09:53:27.414555
金色うさぎ活動終了,user_akwg7358,True,https://i.pximg.net/user-profile/img/2023/10/07/17/52/16/25020896_046a57bdd81d7f332d9198338a5c5d10_170.png,92945193,2024-07-11 09:53:27.570682,2024-07-11 09:53:27.570683
Kinky Fighting,kinkyfighting,True,https://i.pximg.net/user-profile/img/2023/04/16/15/37/54/24302058_fd457565016997bf39bfcc0880a573f7_170.jpg,93240005,2024-07-11 09:53:27.531646,2024-07-11 09:53:27.531647
.doT,user_gvkd4833,True,https://i.pximg.net/user-profile/img/2024/03/24/13/29/02/25678656_6e1af0c53885d85cac3c58187e6e60a3_170.png,94260784,2024-07-11 09:53:26.980719,2024-07-11 09:53:26.980721
穴掘りラパン,user_dztv3785,True,https://i.pximg.net/user-profile/img/2023/11/29/22/54/44/25218476_dad988982e35a8b9eff47d7cce5f5642_170.png,99754744,2024-07-11 09:53:27.037986,2024-07-11 09:53:27.037988
雪猫,yukineko0304,True,https://i.pximg.net/user-profile/img/2024/05/02/23/55/53/25834380_0a53184114e52f02ec9390d673cabcb7_170.png,100250254,2024-07-11 09:53:27.198509,2024-07-11 09:53:27.198511
Tea,324tea,True,https://i.pximg.net/user-profile/img/2023/12/20/22/47/59/25293615_132946de17bc38211ab0a6fe7262df0a_170.png,101559437,2024-07-11 09:53:27.153473,2024-07-11 09:53:27.153476
スガメキ,user_zevj4575,True,https://i.pximg.net/user-profile/img/2024/05/24/02/44/28/25914721_4d3c05994b61a636199822b0072c07fc_170.png,106442666,2024-07-11 09:53:27.021534,2024-07-11 09:53:27.021535
